"country","month","ur"
"Bulgaria","1983-01",NA
"Bulgaria","1983-02",NA
"Bulgaria","1983-03",NA
"Bulgaria","1983-04",NA
"Bulgaria","1983-05",NA
"Bulgaria","1983-06",NA
"Bulgaria","1983-07",NA
"Bulgaria","1983-08",NA
"Bulgaria","1983-09",NA
"Bulgaria","1983-10",NA
"Bulgaria","1983-11",NA
"Bulgaria","1983-12",NA
"Bulgaria","1984-01",NA
"Bulgaria","1984-02",NA
"Bulgaria","1984-03",NA
"Bulgaria","1984-04",NA
"Bulgaria","1984-05",NA
"Bulgaria","1984-06",NA
"Bulgaria","1984-07",NA
"Bulgaria","1984-08",NA
"Bulgaria","1984-09",NA
"Bulgaria","1984-10",NA
"Bulgaria","1984-11",NA
"Bulgaria","1984-12",NA
"Bulgaria","1985-01",NA
"Bulgaria","1985-02",NA
"Bulgaria","1985-03",NA
"Bulgaria","1985-04",NA
"Bulgaria","1985-05",NA
"Bulgaria","1985-06",NA
"Bulgaria","1985-07",NA
"Bulgaria","1985-08",NA
"Bulgaria","1985-09",NA
"Bulgaria","1985-10",NA
"Bulgaria","1985-11",NA
"Bulgaria","1985-12",NA
"Bulgaria","1986-01",NA
"Bulgaria","1986-02",NA
"Bulgaria","1986-03",NA
"Bulgaria","1986-04",NA
"Bulgaria","1986-05",NA
"Bulgaria","1986-06",NA
"Bulgaria","1986-07",NA
"Bulgaria","1986-08",NA
"Bulgaria","1986-09",NA
"Bulgaria","1986-10",NA
"Bulgaria","1986-11",NA
"Bulgaria","1986-12",NA
"Bulgaria","1987-01",NA
"Bulgaria","1987-02",NA
"Bulgaria","1987-03",NA
"Bulgaria","1987-04",NA
"Bulgaria","1987-05",NA
"Bulgaria","1987-06",NA
"Bulgaria","1987-07",NA
"Bulgaria","1987-08",NA
"Bulgaria","1987-09",NA
"Bulgaria","1987-10",NA
"Bulgaria","1987-11",NA
"Bulgaria","1987-12",NA
"Bulgaria","1988-01",NA
"Bulgaria","1988-02",NA
"Bulgaria","1988-03",NA
"Bulgaria","1988-04",NA
"Bulgaria","1988-05",NA
"Bulgaria","1988-06",NA
"Bulgaria","1988-07",NA
"Bulgaria","1988-08",NA
"Bulgaria","1988-09",NA
"Bulgaria","1988-10",NA
"Bulgaria","1988-11",NA
"Bulgaria","1988-12",NA
"Bulgaria","1989-01",NA
"Bulgaria","1989-02",NA
"Bulgaria","1989-03",NA
"Bulgaria","1989-04",NA
"Bulgaria","1989-05",NA
"Bulgaria","1989-06",NA
"Bulgaria","1989-07",NA
"Bulgaria","1989-08",NA
"Bulgaria","1989-09",NA
"Bulgaria","1989-10",NA
"Bulgaria","1989-11",NA
"Bulgaria","1989-12",NA
"Bulgaria","1990-01",NA
"Bulgaria","1990-02",NA
"Bulgaria","1990-03",NA
"Bulgaria","1990-04",NA
"Bulgaria","1990-05",NA
"Bulgaria","1990-06",NA
"Bulgaria","1990-07",NA
"Bulgaria","1990-08",NA
"Bulgaria","1990-09",NA
"Bulgaria","1990-10",NA
"Bulgaria","1990-11",NA
"Bulgaria","1990-12",NA
"Bulgaria","1991-01",NA
"Bulgaria","1991-02",NA
"Bulgaria","1991-03",NA
"Bulgaria","1991-04",NA
"Bulgaria","1991-05",NA
"Bulgaria","1991-06",NA
"Bulgaria","1991-07",NA
"Bulgaria","1991-08",NA
"Bulgaria","1991-09",NA
"Bulgaria","1991-10",NA
"Bulgaria","1991-11",NA
"Bulgaria","1991-12",NA
"Bulgaria","1992-01",NA
"Bulgaria","1992-02",NA
"Bulgaria","1992-03",NA
"Bulgaria","1992-04",NA
"Bulgaria","1992-05",NA
"Bulgaria","1992-06",NA
"Bulgaria","1992-07",NA
"Bulgaria","1992-08",NA
"Bulgaria","1992-09",NA
"Bulgaria","1992-10",NA
"Bulgaria","1992-11",NA
"Bulgaria","1992-12",NA
"Bulgaria","1993-01",NA
"Bulgaria","1993-02",NA
"Bulgaria","1993-03",NA
"Bulgaria","1993-04",NA
"Bulgaria","1993-05",NA
"Bulgaria","1993-06",NA
"Bulgaria","1993-07",NA
"Bulgaria","1993-08",NA
"Bulgaria","1993-09",NA
"Bulgaria","1993-10",NA
"Bulgaria","1993-11",NA
"Bulgaria","1993-12",NA
"Bulgaria","1994-01",NA
"Bulgaria","1994-02",NA
"Bulgaria","1994-03",NA
"Bulgaria","1994-04",NA
"Bulgaria","1994-05",NA
"Bulgaria","1994-06",NA
"Bulgaria","1994-07",NA
"Bulgaria","1994-08",NA
"Bulgaria","1994-09",NA
"Bulgaria","1994-10",NA
"Bulgaria","1994-11",NA
"Bulgaria","1994-12",NA
"Bulgaria","1995-01",NA
"Bulgaria","1995-02",NA
"Bulgaria","1995-03",NA
"Bulgaria","1995-04",NA
"Bulgaria","1995-05",NA
"Bulgaria","1995-06",NA
"Bulgaria","1995-07",NA
"Bulgaria","1995-08",NA
"Bulgaria","1995-09",NA
"Bulgaria","1995-10",NA
"Bulgaria","1995-11",NA
"Bulgaria","1995-12",NA
"Bulgaria","1996-01",NA
"Bulgaria","1996-02",NA
"Bulgaria","1996-03",NA
"Bulgaria","1996-04",NA
"Bulgaria","1996-05",NA
"Bulgaria","1996-06",NA
"Bulgaria","1996-07",NA
"Bulgaria","1996-08",NA
"Bulgaria","1996-09",NA
"Bulgaria","1996-10",NA
"Bulgaria","1996-11",NA
"Bulgaria","1996-12",NA
"Bulgaria","1997-01",NA
"Bulgaria","1997-02",NA
"Bulgaria","1997-03",NA
"Bulgaria","1997-04",NA
"Bulgaria","1997-05",NA
"Bulgaria","1997-06",NA
"Bulgaria","1997-07",NA
"Bulgaria","1997-08",NA
"Bulgaria","1997-09",NA
"Bulgaria","1997-10",NA
"Bulgaria","1997-11",NA
"Bulgaria","1997-12",NA
"Bulgaria","1998-01",NA
"Bulgaria","1998-02",NA
"Bulgaria","1998-03",NA
"Bulgaria","1998-04",NA
"Bulgaria","1998-05",NA
"Bulgaria","1998-06",NA
"Bulgaria","1998-07",NA
"Bulgaria","1998-08",NA
"Bulgaria","1998-09",NA
"Bulgaria","1998-10",NA
"Bulgaria","1998-11",NA
"Bulgaria","1998-12",NA
"Bulgaria","1999-01",NA
"Bulgaria","1999-02",NA
"Bulgaria","1999-03",NA
"Bulgaria","1999-04",NA
"Bulgaria","1999-05",NA
"Bulgaria","1999-06",NA
"Bulgaria","1999-07",NA
"Bulgaria","1999-08",NA
"Bulgaria","1999-09",NA
"Bulgaria","1999-10",NA
"Bulgaria","1999-11",NA
"Bulgaria","1999-12",NA
"Bulgaria","2000-01",14.3
"Bulgaria","2000-02",14.7
"Bulgaria","2000-03",15.2
"Bulgaria","2000-04",15.7
"Bulgaria","2000-05",16
"Bulgaria","2000-06",16.3
"Bulgaria","2000-07",16.8
"Bulgaria","2000-08",17.2
"Bulgaria","2000-09",17.5
"Bulgaria","2000-10",17.7
"Bulgaria","2000-11",17.9
"Bulgaria","2000-12",18.1
"Bulgaria","2001-01",18.5
"Bulgaria","2001-02",18.8
"Bulgaria","2001-03",19.2
"Bulgaria","2001-04",19.9
"Bulgaria","2001-05",20.1
"Bulgaria","2001-06",20.1
"Bulgaria","2001-07",20
"Bulgaria","2001-08",19.9
"Bulgaria","2001-09",19.8
"Bulgaria","2001-10",19.7
"Bulgaria","2001-11",19.9
"Bulgaria","2001-12",19.8
"Bulgaria","2002-01",19.4
"Bulgaria","2002-02",19.3
"Bulgaria","2002-03",18.9
"Bulgaria","2002-04",18.7
"Bulgaria","2002-05",18.5
"Bulgaria","2002-06",18.3
"Bulgaria","2002-07",18.3
"Bulgaria","2002-08",18.3
"Bulgaria","2002-09",18.1
"Bulgaria","2002-10",17.8
"Bulgaria","2002-11",16.9
"Bulgaria","2002-12",15.9
"Bulgaria","2003-01",15.6
"Bulgaria","2003-02",14.9
"Bulgaria","2003-03",14.6
"Bulgaria","2003-04",14.3
"Bulgaria","2003-05",14.2
"Bulgaria","2003-06",13.9
"Bulgaria","2003-07",13.6
"Bulgaria","2003-08",13.3
"Bulgaria","2003-09",13
"Bulgaria","2003-10",12.7
"Bulgaria","2003-11",12.7
"Bulgaria","2003-12",12.7
"Bulgaria","2004-01",12.8
"Bulgaria","2004-02",12.8
"Bulgaria","2004-03",12.7
"Bulgaria","2004-04",12.6
"Bulgaria","2004-05",12.3
"Bulgaria","2004-06",12
"Bulgaria","2004-07",11.6
"Bulgaria","2004-08",11.5
"Bulgaria","2004-09",11.5
"Bulgaria","2004-10",11.8
"Bulgaria","2004-11",11.7
"Bulgaria","2004-12",11.5
"Bulgaria","2005-01",11.2
"Bulgaria","2005-02",10.9
"Bulgaria","2005-03",10.6
"Bulgaria","2005-04",10.4
"Bulgaria","2005-05",10.1
"Bulgaria","2005-06",9.9
"Bulgaria","2005-07",9.7
"Bulgaria","2005-08",9.7
"Bulgaria","2005-09",9.7
"Bulgaria","2005-10",9.9
"Bulgaria","2005-11",9.8
"Bulgaria","2005-12",9.7
"Bulgaria","2006-01",9.5
"Bulgaria","2006-02",9.2
"Bulgaria","2006-03",9.1
"Bulgaria","2006-04",9
"Bulgaria","2006-05",9.1
"Bulgaria","2006-06",9.2
"Bulgaria","2006-07",9.3
"Bulgaria","2006-08",9.3
"Bulgaria","2006-09",9
"Bulgaria","2006-10",8.6
"Bulgaria","2006-11",8.5
"Bulgaria","2006-12",8.2
"Bulgaria","2007-01",7.9
"Bulgaria","2007-02",7.5
"Bulgaria","2007-03",7.3
"Bulgaria","2007-04",7.1
"Bulgaria","2007-05",7
"Bulgaria","2007-06",6.9
"Bulgaria","2007-07",7
"Bulgaria","2007-08",6.9
"Bulgaria","2007-09",6.7
"Bulgaria","2007-10",6.4
"Bulgaria","2007-11",6.1
"Bulgaria","2007-12",6.1
"Bulgaria","2008-01",6.1
"Bulgaria","2008-02",6.1
"Bulgaria","2008-03",5.9
"Bulgaria","2008-04",5.9
"Bulgaria","2008-05",5.9
"Bulgaria","2008-06",5.7
"Bulgaria","2008-07",5.6
"Bulgaria","2008-08",5.5
"Bulgaria","2008-09",5.3
"Bulgaria","2008-10",5.1
"Bulgaria","2008-11",5
"Bulgaria","2008-12",5.3
"Bulgaria","2009-01",6.9
"Bulgaria","2009-02",7
"Bulgaria","2009-03",7.1
"Bulgaria","2009-04",7.2
"Bulgaria","2009-05",7.4
"Bulgaria","2009-06",7.7
"Bulgaria","2009-07",8.1
"Bulgaria","2009-08",8.4
"Bulgaria","2009-09",8.6
"Bulgaria","2009-10",8.7
"Bulgaria","2009-11",9
"Bulgaria","2009-12",9.5
"Bulgaria","2010-01",10.2
"Bulgaria","2010-02",10.7
"Bulgaria","2010-03",10.8
"Bulgaria","2010-04",11
"Bulgaria","2010-05",11
"Bulgaria","2010-06",11.1
"Bulgaria","2010-07",11.1
"Bulgaria","2010-08",11.3
"Bulgaria","2010-09",11.7
"Bulgaria","2010-10",12.1
"Bulgaria","2010-11",12.5
"Bulgaria","2010-12",12.6
"Bulgaria","2011-01",12.7
"Bulgaria","2011-02",12.5
"Bulgaria","2011-03",12.3
"Bulgaria","2011-04",12.2
"Bulgaria","2011-05",12.2
"Bulgaria","2011-06",12.1
"Bulgaria","2011-07",12
"Bulgaria","2011-08",12.1
"Bulgaria","2011-09",12.1
"Bulgaria","2011-10",12.2
"Bulgaria","2011-11",12.5
"Bulgaria","2011-12",12.9
"Bulgaria","2012-01",13.1
"Bulgaria","2012-02",13.2
"Bulgaria","2012-03",13.2
"Bulgaria","2012-04",13.2
"Bulgaria","2012-05",13.2
"Bulgaria","2012-06",13.3
"Bulgaria","2012-07",13.4
"Bulgaria","2012-08",13.2
"Bulgaria","2012-09",13.2
"Bulgaria","2012-10",13.3
"Bulgaria","2012-11",13.5
"Bulgaria","2012-12",13.6
"Bulgaria","2013-01",14
"Bulgaria","2013-02",14.1
"Bulgaria","2013-03",14.2
"Bulgaria","2013-04",14.1
"Bulgaria","2013-05",13.8
"Bulgaria","2013-06",13.7
"Bulgaria","2013-07",13.7
"Bulgaria","2013-08",13.6
"Bulgaria","2013-09",13.7
"Bulgaria","2013-10",14.1
"Bulgaria","2013-11",14.1
"Bulgaria","2013-12",14.1
"Bulgaria","2014-01",13.7
"Bulgaria","2014-02",13.3
"Bulgaria","2014-03",13
"Bulgaria","2014-04",12.5
"Bulgaria","2014-05",12.2
"Bulgaria","2014-06",12.1
"Bulgaria","2014-07",12.3
"Bulgaria","2014-08",12.3
"Bulgaria","2014-09",12.4
"Bulgaria","2014-10",12.1
"Bulgaria","2014-11",11.7
"Bulgaria","2014-12",11.3
"Bulgaria","2015-01",11.1
"Bulgaria","2015-02",10.9
"Bulgaria","2015-03",11
"Bulgaria","2015-04",11
"Bulgaria","2015-05",10.8
"Bulgaria","2015-06",10.5
"Bulgaria","2015-07",10.1
"Bulgaria","2015-08",9.8
"Bulgaria","2015-09",9.4
"Bulgaria","2015-10",9.1
"Bulgaria","2015-11",9
"Bulgaria","2015-12",9
"Bulgaria","2016-01",9
"Bulgaria","2016-02",9.1
"Bulgaria","2016-03",9.1
"Bulgaria","2016-04",9
"Bulgaria","2016-05",8.9
"Bulgaria","2016-06",8.8
"Bulgaria","2016-07",8.6
"Bulgaria","2016-08",8.4
"Bulgaria","2016-09",8.3
"Bulgaria","2016-10",8.1
"Bulgaria","2016-11",7.8
"Bulgaria","2016-12",7.6
"Bulgaria","2017-01",7.5
"Bulgaria","2017-02",7.4
"Bulgaria","2017-03",7.3
"Bulgaria","2017-04",7.2
"Bulgaria","2017-05",7.1
"Bulgaria","2017-06",7.2
"Bulgaria","2017-07",7.3
"Bulgaria","2017-08",7.3
"Bulgaria","2017-09",7.1
"Bulgaria","2017-10",6.9
"Bulgaria","2017-11",6.8
"Bulgaria","2017-12",6.6
"Bulgaria","2018-01",6.4
"Bulgaria","2018-02",6.3
"Bulgaria","2018-03",6.2
"Bulgaria","2018-04",6.3
"Bulgaria","2018-05",6.3
"Bulgaria","2018-06",6.3
"Bulgaria","2018-07",6.4
"Bulgaria","2018-08",6.4
"Bulgaria","2018-09",6.2
"Bulgaria","2018-10",6
"Bulgaria","2018-11",5.7
"Bulgaria","2018-12",5.6
"Bulgaria","2019-01",5.7
"Bulgaria","2019-02",5.6
"Bulgaria","2019-03",5.3
"Bulgaria","2019-04",5.1
"Bulgaria","2019-05",4.9
"Bulgaria","2019-06",5
"Bulgaria","2019-07",5
"Bulgaria","2019-08",5
"Bulgaria","2019-09",5
"Bulgaria","2019-10",5.1
"Bulgaria","2019-11",5.2
"Bulgaria","2019-12",5.2
"Bulgaria","2020-01",5.1
"Bulgaria","2020-02",5
"Bulgaria","2020-03",5.2
"Bulgaria","2020-04",6.7
"Bulgaria","2020-05",6.7
"Bulgaria","2020-06",6.4
"Bulgaria","2020-07",6.1
"Bulgaria","2020-08",6.1
"Bulgaria","2020-09",6.3
"Bulgaria","2020-10",6.4
"Bulgaria","2020-11",6.3
"Bulgaria","2020-12",6.2
"Bulgaria","2021-01",6
"Bulgaria","2021-02",5.9
"Bulgaria","2021-03",5.7
"Bulgaria","2021-04",5.5
"Bulgaria","2021-05",5.4
"Bulgaria","2021-06",5.2
"Bulgaria","2021-07",5
"Bulgaria","2021-08",4.9
"Bulgaria","2021-09",4.8
"Bulgaria","2021-10",4.6
"Bulgaria","2021-11",4.6
"Bulgaria","2021-12",4.5
"Bulgaria","2022-01",4.4
"Bulgaria","2022-02",4.4
"Bulgaria","2022-03",4.4
"Bulgaria","2022-04",4.4
"Bulgaria","2022-05",4.4
"Bulgaria","2022-06",4.3
"Bulgaria","2022-07",4.1
"Bulgaria","2022-08",4
"Bulgaria","2022-09",3.9
"Bulgaria","2022-10",3.8
"Bulgaria","2022-11",3.9
"Bulgaria","2022-12",4
"Bulgaria","2023-01",4
"Bulgaria","2023-02",4
"Bulgaria","2023-03",4.2
"Bulgaria","2023-04",4.4
"Bulgaria","2023-05",4.5
"Bulgaria","2023-06",4.5
"Bulgaria","2023-07",4.5
"Bulgaria","2023-08",4.4
"Bulgaria","2023-09",4.4
"Bulgaria","2023-10",4.4
"Bulgaria","2023-11",4.3
"Bulgaria","2023-12",4.4
"Bulgaria","2024-01",4.6
"Bulgaria","2024-02",4.7
"Bulgaria","2024-03",4.6
"Bulgaria","2024-04",4.3
"Bulgaria","2024-05",4.1
"Bulgaria","2024-06",4
"Bulgaria","2024-07",4
"Bulgaria","2024-08",3.9
"Bulgaria","2024-09",4
"Bulgaria","2024-10",4.1
"Bulgaria","2024-11",4
"Bulgaria","2024-12",3.8
"Bulgaria","2025-01",3.6
"Bulgaria","2025-02",3.5
"Bulgaria","2025-03",3.4
"Bulgaria","2025-04",3.4
"Bulgaria","2025-05",3.5
"Bulgaria","2025-06",3.7
"Bulgaria","2025-07",3.8
"Bulgaria","2025-08",3.8
"Bulgaria","2025-09",3.6
"Bulgaria","2025-10",3.4
"Bulgaria","2025-11",3.3
"Bulgaria","2025-12",3.2
"Bulgaria","2026-01",3.1
"Czechia","1983-01",NA
"Czechia","1983-02",NA
"Czechia","1983-03",NA
"Czechia","1983-04",NA
"Czechia","1983-05",NA
"Czechia","1983-06",NA
"Czechia","1983-07",NA
"Czechia","1983-08",NA
"Czechia","1983-09",NA
"Czechia","1983-10",NA
"Czechia","1983-11",NA
"Czechia","1983-12",NA
"Czechia","1984-01",NA
"Czechia","1984-02",NA
"Czechia","1984-03",NA
"Czechia","1984-04",NA
"Czechia","1984-05",NA
"Czechia","1984-06",NA
"Czechia","1984-07",NA
"Czechia","1984-08",NA
"Czechia","1984-09",NA
"Czechia","1984-10",NA
"Czechia","1984-11",NA
"Czechia","1984-12",NA
"Czechia","1985-01",NA
"Czechia","1985-02",NA
"Czechia","1985-03",NA
"Czechia","1985-04",NA
"Czechia","1985-05",NA
"Czechia","1985-06",NA
"Czechia","1985-07",NA
"Czechia","1985-08",NA
"Czechia","1985-09",NA
"Czechia","1985-10",NA
"Czechia","1985-11",NA
"Czechia","1985-12",NA
"Czechia","1986-01",NA
"Czechia","1986-02",NA
"Czechia","1986-03",NA
"Czechia","1986-04",NA
"Czechia","1986-05",NA
"Czechia","1986-06",NA
"Czechia","1986-07",NA
"Czechia","1986-08",NA
"Czechia","1986-09",NA
"Czechia","1986-10",NA
"Czechia","1986-11",NA
"Czechia","1986-12",NA
"Czechia","1987-01",NA
"Czechia","1987-02",NA
"Czechia","1987-03",NA
"Czechia","1987-04",NA
"Czechia","1987-05",NA
"Czechia","1987-06",NA
"Czechia","1987-07",NA
"Czechia","1987-08",NA
"Czechia","1987-09",NA
"Czechia","1987-10",NA
"Czechia","1987-11",NA
"Czechia","1987-12",NA
"Czechia","1988-01",NA
"Czechia","1988-02",NA
"Czechia","1988-03",NA
"Czechia","1988-04",NA
"Czechia","1988-05",NA
"Czechia","1988-06",NA
"Czechia","1988-07",NA
"Czechia","1988-08",NA
"Czechia","1988-09",NA
"Czechia","1988-10",NA
"Czechia","1988-11",NA
"Czechia","1988-12",NA
"Czechia","1989-01",NA
"Czechia","1989-02",NA
"Czechia","1989-03",NA
"Czechia","1989-04",NA
"Czechia","1989-05",NA
"Czechia","1989-06",NA
"Czechia","1989-07",NA
"Czechia","1989-08",NA
"Czechia","1989-09",NA
"Czechia","1989-10",NA
"Czechia","1989-11",NA
"Czechia","1989-12",NA
"Czechia","1990-01",NA
"Czechia","1990-02",NA
"Czechia","1990-03",NA
"Czechia","1990-04",NA
"Czechia","1990-05",NA
"Czechia","1990-06",NA
"Czechia","1990-07",NA
"Czechia","1990-08",NA
"Czechia","1990-09",NA
"Czechia","1990-10",NA
"Czechia","1990-11",NA
"Czechia","1990-12",NA
"Czechia","1991-01",NA
"Czechia","1991-02",NA
"Czechia","1991-03",NA
"Czechia","1991-04",NA
"Czechia","1991-05",NA
"Czechia","1991-06",NA
"Czechia","1991-07",NA
"Czechia","1991-08",NA
"Czechia","1991-09",NA
"Czechia","1991-10",NA
"Czechia","1991-11",NA
"Czechia","1991-12",NA
"Czechia","1992-01",NA
"Czechia","1992-02",NA
"Czechia","1992-03",NA
"Czechia","1992-04",NA
"Czechia","1992-05",NA
"Czechia","1992-06",NA
"Czechia","1992-07",NA
"Czechia","1992-08",NA
"Czechia","1992-09",NA
"Czechia","1992-10",NA
"Czechia","1992-11",NA
"Czechia","1992-12",NA
"Czechia","1993-01",4.5
"Czechia","1993-02",4.4
"Czechia","1993-03",4.4
"Czechia","1993-04",4.4
"Czechia","1993-05",4.5
"Czechia","1993-06",4.3
"Czechia","1993-07",4.5
"Czechia","1993-08",4.3
"Czechia","1993-09",3.9
"Czechia","1993-10",4.3
"Czechia","1993-11",4.1
"Czechia","1993-12",4.2
"Czechia","1994-01",4.2
"Czechia","1994-02",4.1
"Czechia","1994-03",4.1
"Czechia","1994-04",4.5
"Czechia","1994-05",4.1
"Czechia","1994-06",4.4
"Czechia","1994-07",4.3
"Czechia","1994-08",4.3
"Czechia","1994-09",4.6
"Czechia","1994-10",4.4
"Czechia","1994-11",4.1
"Czechia","1994-12",4.4
"Czechia","1995-01",4.1
"Czechia","1995-02",4.1
"Czechia","1995-03",4.3
"Czechia","1995-04",4.1
"Czechia","1995-05",4.1
"Czechia","1995-06",4.3
"Czechia","1995-07",4.1
"Czechia","1995-08",4
"Czechia","1995-09",3.9
"Czechia","1995-10",3.8
"Czechia","1995-11",3.8
"Czechia","1995-12",3.6
"Czechia","1996-01",3.8
"Czechia","1996-02",3.5
"Czechia","1996-03",3.6
"Czechia","1996-04",3.9
"Czechia","1996-05",3.9
"Czechia","1996-06",3.9
"Czechia","1996-07",3.8
"Czechia","1996-08",4
"Czechia","1996-09",4
"Czechia","1996-10",3.9
"Czechia","1996-11",4.1
"Czechia","1996-12",4.3
"Czechia","1997-01",4.2
"Czechia","1997-02",4.1
"Czechia","1997-03",4.1
"Czechia","1997-04",4.5
"Czechia","1997-05",4.6
"Czechia","1997-06",4.7
"Czechia","1997-07",4.9
"Czechia","1997-08",4.9
"Czechia","1997-09",5
"Czechia","1997-10",5.2
"Czechia","1997-11",5.4
"Czechia","1997-12",5.7
"Czechia","1998-01",5.7
"Czechia","1998-02",5.6
"Czechia","1998-03",6
"Czechia","1998-04",5.9
"Czechia","1998-05",5.9
"Czechia","1998-06",6.4
"Czechia","1998-07",6.7
"Czechia","1998-08",6.6
"Czechia","1998-09",6.8
"Czechia","1998-10",7.5
"Czechia","1998-11",7.3
"Czechia","1998-12",7.2
"Czechia","1999-01",8
"Czechia","1999-02",8.1
"Czechia","1999-03",8.5
"Czechia","1999-04",8.6
"Czechia","1999-05",8.8
"Czechia","1999-06",8.5
"Czechia","1999-07",8.7
"Czechia","1999-08",8.9
"Czechia","1999-09",9.2
"Czechia","1999-10",9.2
"Czechia","1999-11",8.9
"Czechia","1999-12",9.1
"Czechia","2000-01",9.3
"Czechia","2000-02",9.2
"Czechia","2000-03",9.3
"Czechia","2000-04",9.1
"Czechia","2000-05",8.9
"Czechia","2000-06",8.6
"Czechia","2000-07",8.7
"Czechia","2000-08",8.5
"Czechia","2000-09",8.3
"Czechia","2000-10",8.4
"Czechia","2000-11",8.6
"Czechia","2000-12",8.2
"Czechia","2001-01",8.3
"Czechia","2001-02",8.3
"Czechia","2001-03",8.1
"Czechia","2001-04",8.3
"Czechia","2001-05",8.1
"Czechia","2001-06",8
"Czechia","2001-07",8.1
"Czechia","2001-08",8.4
"Czechia","2001-09",8.2
"Czechia","2001-10",7.7
"Czechia","2001-11",8
"Czechia","2001-12",8
"Czechia","2002-01",7.3
"Czechia","2002-02",7.6
"Czechia","2002-03",7.5
"Czechia","2002-04",6.9
"Czechia","2002-05",7.3
"Czechia","2002-06",7.3
"Czechia","2002-07",6.9
"Czechia","2002-08",7.4
"Czechia","2002-09",7.3
"Czechia","2002-10",7
"Czechia","2002-11",7.5
"Czechia","2002-12",7.4
"Czechia","2003-01",7.1
"Czechia","2003-02",7.3
"Czechia","2003-03",7.6
"Czechia","2003-04",7.5
"Czechia","2003-05",7.8
"Czechia","2003-06",7.7
"Czechia","2003-07",8
"Czechia","2003-08",7.8
"Czechia","2003-09",8
"Czechia","2003-10",8.1
"Czechia","2003-11",8.1
"Czechia","2003-12",8.2
"Czechia","2004-01",8.5
"Czechia","2004-02",8.8
"Czechia","2004-03",8.1
"Czechia","2004-04",8.3
"Czechia","2004-05",8.7
"Czechia","2004-06",8.1
"Czechia","2004-07",8
"Czechia","2004-08",8.3
"Czechia","2004-09",8.2
"Czechia","2004-10",8.6
"Czechia","2004-11",8.4
"Czechia","2004-12",7.7
"Czechia","2005-01",8.2
"Czechia","2005-02",8.3
"Czechia","2005-03",7.8
"Czechia","2005-04",8
"Czechia","2005-05",8
"Czechia","2005-06",7.9
"Czechia","2005-07",7.8
"Czechia","2005-08",7.8
"Czechia","2005-09",7.8
"Czechia","2005-10",7.9
"Czechia","2005-11",7.8
"Czechia","2005-12",7.9
"Czechia","2006-01",7.9
"Czechia","2006-02",7.3
"Czechia","2006-03",8
"Czechia","2006-04",7.2
"Czechia","2006-05",7
"Czechia","2006-06",7.5
"Czechia","2006-07",7
"Czechia","2006-08",6.8
"Czechia","2006-09",7.2
"Czechia","2006-10",6.6
"Czechia","2006-11",6.6
"Czechia","2006-12",6.6
"Czechia","2007-01",6
"Czechia","2007-02",5.8
"Czechia","2007-03",5.7
"Czechia","2007-04",5.5
"Czechia","2007-05",5.4
"Czechia","2007-06",5.4
"Czechia","2007-07",5.3
"Czechia","2007-08",5
"Czechia","2007-09",5.1
"Czechia","2007-10",5.1
"Czechia","2007-11",4.8
"Czechia","2007-12",4.9
"Czechia","2008-01",4.7
"Czechia","2008-02",4.6
"Czechia","2008-03",4.3
"Czechia","2008-04",4.4
"Czechia","2008-05",4.2
"Czechia","2008-06",4.5
"Czechia","2008-07",4.3
"Czechia","2008-08",4.1
"Czechia","2008-09",4.4
"Czechia","2008-10",4.1
"Czechia","2008-11",4.5
"Czechia","2008-12",4.8
"Czechia","2009-01",5.3
"Czechia","2009-02",5.7
"Czechia","2009-03",5.8
"Czechia","2009-04",6.3
"Czechia","2009-05",6.6
"Czechia","2009-06",6.5
"Czechia","2009-07",7
"Czechia","2009-08",7.6
"Czechia","2009-09",7.4
"Czechia","2009-10",7.2
"Czechia","2009-11",7.5
"Czechia","2009-12",7.4
"Czechia","2010-01",7.7
"Czechia","2010-02",8
"Czechia","2010-03",7.7
"Czechia","2010-04",7.3
"Czechia","2010-05",7.4
"Czechia","2010-06",7.2
"Czechia","2010-07",7.3
"Czechia","2010-08",7.1
"Czechia","2010-09",6.9
"Czechia","2010-10",7.1
"Czechia","2010-11",7
"Czechia","2010-12",6.9
"Czechia","2011-01",7
"Czechia","2011-02",7
"Czechia","2011-03",6.8
"Czechia","2011-04",6.9
"Czechia","2011-05",6.8
"Czechia","2011-06",6.8
"Czechia","2011-07",6.6
"Czechia","2011-08",6.4
"Czechia","2011-09",6.6
"Czechia","2011-10",6.6
"Czechia","2011-11",6.5
"Czechia","2011-12",6.5
"Czechia","2012-01",6.6
"Czechia","2012-02",7.1
"Czechia","2012-03",6.9
"Czechia","2012-04",7
"Czechia","2012-05",6.9
"Czechia","2012-06",6.7
"Czechia","2012-07",7
"Czechia","2012-08",7.2
"Czechia","2012-09",6.7
"Czechia","2012-10",7.2
"Czechia","2012-11",7.7
"Czechia","2012-12",7
"Czechia","2013-01",6.8
"Czechia","2013-02",7.5
"Czechia","2013-03",7.3
"Czechia","2013-04",6.9
"Czechia","2013-05",7.3
"Czechia","2013-06",6.6
"Czechia","2013-07",6.7
"Czechia","2013-08",7.2
"Czechia","2013-09",7
"Czechia","2013-10",6.5
"Czechia","2013-11",7.1
"Czechia","2013-12",6.8
"Czechia","2014-01",6.3
"Czechia","2014-02",6.6
"Czechia","2014-03",6.8
"Czechia","2014-04",6.2
"Czechia","2014-05",6.2
"Czechia","2014-06",6.1
"Czechia","2014-07",5.7
"Czechia","2014-08",6.3
"Czechia","2014-09",5.7
"Czechia","2014-10",5.5
"Czechia","2014-11",6.3
"Czechia","2014-12",5.8
"Czechia","2015-01",5.8
"Czechia","2015-02",5.9
"Czechia","2015-03",5.7
"Czechia","2015-04",5.2
"Czechia","2015-05",5
"Czechia","2015-06",4.9
"Czechia","2015-07",5
"Czechia","2015-08",4.8
"Czechia","2015-09",4.7
"Czechia","2015-10",4.7
"Czechia","2015-11",4.6
"Czechia","2015-12",4.5
"Czechia","2016-01",4.4
"Czechia","2016-02",4.2
"Czechia","2016-03",4
"Czechia","2016-04",4
"Czechia","2016-05",3.9
"Czechia","2016-06",4.2
"Czechia","2016-07",4.2
"Czechia","2016-08",3.6
"Czechia","2016-09",4
"Czechia","2016-10",3.8
"Czechia","2016-11",3.6
"Czechia","2016-12",3.6
"Czechia","2017-01",3.5
"Czechia","2017-02",3.3
"Czechia","2017-03",3.2
"Czechia","2017-04",3.4
"Czechia","2017-05",2.9
"Czechia","2017-06",2.8
"Czechia","2017-07",2.8
"Czechia","2017-08",2.7
"Czechia","2017-09",2.7
"Czechia","2017-10",2.6
"Czechia","2017-11",2.5
"Czechia","2017-12",2.3
"Czechia","2018-01",2.5
"Czechia","2018-02",2.4
"Czechia","2018-03",2.1
"Czechia","2018-04",2.3
"Czechia","2018-05",2.2
"Czechia","2018-06",2.3
"Czechia","2018-07",2.3
"Czechia","2018-08",2.4
"Czechia","2018-09",2.3
"Czechia","2018-10",2.1
"Czechia","2018-11",1.9
"Czechia","2018-12",2.3
"Czechia","2019-01",2.1
"Czechia","2019-02",1.7
"Czechia","2019-03",2.1
"Czechia","2019-04",2
"Czechia","2019-05",2.1
"Czechia","2019-06",1.8
"Czechia","2019-07",2.1
"Czechia","2019-08",2
"Czechia","2019-09",2.1
"Czechia","2019-10",2.2
"Czechia","2019-11",2.2
"Czechia","2019-12",1.9
"Czechia","2020-01",2
"Czechia","2020-02",1.8
"Czechia","2020-03",1.8
"Czechia","2020-04",2.2
"Czechia","2020-05",2.5
"Czechia","2020-06",2.6
"Czechia","2020-07",2.9
"Czechia","2020-08",2.8
"Czechia","2020-09",2.8
"Czechia","2020-10",3.1
"Czechia","2020-11",3.1
"Czechia","2020-12",3.1
"Czechia","2021-01",3.2
"Czechia","2021-02",3.2
"Czechia","2021-03",3.3
"Czechia","2021-04",3.3
"Czechia","2021-05",3.1
"Czechia","2021-06",2.7
"Czechia","2021-07",2.6
"Czechia","2021-08",2.8
"Czechia","2021-09",2.6
"Czechia","2021-10",2.5
"Czechia","2021-11",2.2
"Czechia","2021-12",2.2
"Czechia","2022-01",2.3
"Czechia","2022-02",2.5
"Czechia","2022-03",2.3
"Czechia","2022-04",2.4
"Czechia","2022-05",2.5
"Czechia","2022-06",2.4
"Czechia","2022-07",2.3
"Czechia","2022-08",2.4
"Czechia","2022-09",2.2
"Czechia","2022-10",2.2
"Czechia","2022-11",2.9
"Czechia","2022-12",2.2
"Czechia","2023-01",2.5
"Czechia","2023-02",2.5
"Czechia","2023-03",2.5
"Czechia","2023-04",2.7
"Czechia","2023-05",2.4
"Czechia","2023-06",2.6
"Czechia","2023-07",2.8
"Czechia","2023-08",2.5
"Czechia","2023-09",2.7
"Czechia","2023-10",2.9
"Czechia","2023-11",2.4
"Czechia","2023-12",2.9
"Czechia","2024-01",3
"Czechia","2024-02",2.5
"Czechia","2024-03",3
"Czechia","2024-04",2.8
"Czechia","2024-05",2.7
"Czechia","2024-06",2.8
"Czechia","2024-07",2.6
"Czechia","2024-08",2.5
"Czechia","2024-09",3
"Czechia","2024-10",2.6
"Czechia","2024-11",2.6
"Czechia","2024-12",2.9
"Czechia","2025-01",2.5
"Czechia","2025-02",2.6
"Czechia","2025-03",2.7
"Czechia","2025-04",2.8
"Czechia","2025-05",2.8
"Czechia","2025-06",3
"Czechia","2025-07",2.8
"Czechia","2025-08",3.1
"Czechia","2025-09",3
"Czechia","2025-10",3.2
"Czechia","2025-11",3.2
"Czechia","2025-12",3.1
"Czechia","2026-01",3.2
"Denmark","1983-01",8.1
"Denmark","1983-02",8.2
"Denmark","1983-03",8.3
"Denmark","1983-04",8.4
"Denmark","1983-05",8.4
"Denmark","1983-06",8.5
"Denmark","1983-07",8.5
"Denmark","1983-08",8.5
"Denmark","1983-09",8.4
"Denmark","1983-10",8.4
"Denmark","1983-11",8.4
"Denmark","1983-12",8.4
"Denmark","1984-01",8.3
"Denmark","1984-02",8.3
"Denmark","1984-03",8.2
"Denmark","1984-04",8.1
"Denmark","1984-05",8
"Denmark","1984-06",8
"Denmark","1984-07",7.9
"Denmark","1984-08",7.8
"Denmark","1984-09",7.8
"Denmark","1984-10",7.7
"Denmark","1984-11",7.6
"Denmark","1984-12",7.4
"Denmark","1985-01",7.4
"Denmark","1985-02",7.3
"Denmark","1985-03",7.2
"Denmark","1985-04",7.1
"Denmark","1985-05",7
"Denmark","1985-06",6.8
"Denmark","1985-07",6.6
"Denmark","1985-08",6.4
"Denmark","1985-09",6.2
"Denmark","1985-10",6
"Denmark","1985-11",5.8
"Denmark","1985-12",5.6
"Denmark","1986-01",5.4
"Denmark","1986-02",5.2
"Denmark","1986-03",5.1
"Denmark","1986-04",5
"Denmark","1986-05",4.9
"Denmark","1986-06",4.9
"Denmark","1986-07",4.9
"Denmark","1986-08",4.9
"Denmark","1986-09",4.9
"Denmark","1986-10",4.8
"Denmark","1986-11",4.9
"Denmark","1986-12",4.9
"Denmark","1987-01",5
"Denmark","1987-02",5
"Denmark","1987-03",5
"Denmark","1987-04",5
"Denmark","1987-05",5
"Denmark","1987-06",5
"Denmark","1987-07",5
"Denmark","1987-08",5
"Denmark","1987-09",5
"Denmark","1987-10",5
"Denmark","1987-11",5
"Denmark","1987-12",5
"Denmark","1988-01",5.1
"Denmark","1988-02",5.2
"Denmark","1988-03",5.2
"Denmark","1988-04",5.3
"Denmark","1988-05",5.4
"Denmark","1988-06",5.6
"Denmark","1988-07",5.7
"Denmark","1988-08",5.8
"Denmark","1988-09",5.9
"Denmark","1988-10",6.1
"Denmark","1988-11",6.2
"Denmark","1988-12",6.4
"Denmark","1989-01",6.5
"Denmark","1989-02",6.6
"Denmark","1989-03",6.7
"Denmark","1989-04",6.7
"Denmark","1989-05",6.8
"Denmark","1989-06",6.9
"Denmark","1989-07",6.8
"Denmark","1989-08",6.9
"Denmark","1989-09",7
"Denmark","1989-10",7
"Denmark","1989-11",7
"Denmark","1989-12",7
"Denmark","1990-01",7
"Denmark","1990-02",7
"Denmark","1990-03",7
"Denmark","1990-04",7
"Denmark","1990-05",7.1
"Denmark","1990-06",7.1
"Denmark","1990-07",7.2
"Denmark","1990-08",7.2
"Denmark","1990-09",7.3
"Denmark","1990-10",7.3
"Denmark","1990-11",7.4
"Denmark","1990-12",7.4
"Denmark","1991-01",7.4
"Denmark","1991-02",7.5
"Denmark","1991-03",7.6
"Denmark","1991-04",7.7
"Denmark","1991-05",7.8
"Denmark","1991-06",7.9
"Denmark","1991-07",7.9
"Denmark","1991-08",8
"Denmark","1991-09",8.1
"Denmark","1991-10",8.1
"Denmark","1991-11",8.2
"Denmark","1991-12",8.2
"Denmark","1992-01",8.2
"Denmark","1992-02",8.3
"Denmark","1992-03",8.3
"Denmark","1992-04",8.3
"Denmark","1992-05",8.4
"Denmark","1992-06",8.4
"Denmark","1992-07",8.5
"Denmark","1992-08",8.7
"Denmark","1992-09",8.8
"Denmark","1992-10",9
"Denmark","1992-11",9.1
"Denmark","1992-12",9.3
"Denmark","1993-01",9.5
"Denmark","1993-02",9.6
"Denmark","1993-03",9.7
"Denmark","1993-04",9.9
"Denmark","1993-05",9.9
"Denmark","1993-06",9.9
"Denmark","1993-07",9.7
"Denmark","1993-08",9.5
"Denmark","1993-09",9.5
"Denmark","1993-10",9.3
"Denmark","1993-11",9.1
"Denmark","1993-12",8.8
"Denmark","1994-01",8.6
"Denmark","1994-02",8.4
"Denmark","1994-03",8.2
"Denmark","1994-04",8
"Denmark","1994-05",7.8
"Denmark","1994-06",7.7
"Denmark","1994-07",7.6
"Denmark","1994-08",7.5
"Denmark","1994-09",7.4
"Denmark","1994-10",7.3
"Denmark","1994-11",7.2
"Denmark","1994-12",7.1
"Denmark","1995-01",7
"Denmark","1995-02",6.9
"Denmark","1995-03",6.8
"Denmark","1995-04",6.8
"Denmark","1995-05",6.8
"Denmark","1995-06",6.8
"Denmark","1995-07",6.7
"Denmark","1995-08",6.7
"Denmark","1995-09",6.7
"Denmark","1995-10",6.6
"Denmark","1995-11",6.7
"Denmark","1995-12",6.6
"Denmark","1996-01",6.6
"Denmark","1996-02",6.7
"Denmark","1996-03",6.7
"Denmark","1996-04",6.7
"Denmark","1996-05",6.5
"Denmark","1996-06",6.4
"Denmark","1996-07",6.5
"Denmark","1996-08",6.3
"Denmark","1996-09",6
"Denmark","1996-10",5.9
"Denmark","1996-11",5.8
"Denmark","1996-12",5.7
"Denmark","1997-01",5.6
"Denmark","1997-02",5.5
"Denmark","1997-03",5.3
"Denmark","1997-04",5.2
"Denmark","1997-05",5.3
"Denmark","1997-06",5.2
"Denmark","1997-07",5.2
"Denmark","1997-08",5.2
"Denmark","1997-09",5.1
"Denmark","1997-10",5.1
"Denmark","1997-11",5.1
"Denmark","1997-12",5.1
"Denmark","1998-01",5.1
"Denmark","1998-02",4.9
"Denmark","1998-03",4.9
"Denmark","1998-04",4.9
"Denmark","1998-05",4.9
"Denmark","1998-06",4.8
"Denmark","1998-07",4.9
"Denmark","1998-08",4.9
"Denmark","1998-09",4.8
"Denmark","1998-10",4.8
"Denmark","1998-11",4.8
"Denmark","1998-12",4.9
"Denmark","1999-01",5
"Denmark","1999-02",5
"Denmark","1999-03",5
"Denmark","1999-04",5
"Denmark","1999-05",5
"Denmark","1999-06",4.9
"Denmark","1999-07",5
"Denmark","1999-08",5.3
"Denmark","1999-09",5.2
"Denmark","1999-10",5.3
"Denmark","1999-11",5.3
"Denmark","1999-12",5.3
"Denmark","2000-01",5
"Denmark","2000-02",4.6
"Denmark","2000-03",4.4
"Denmark","2000-04",4.4
"Denmark","2000-05",4.5
"Denmark","2000-06",4.4
"Denmark","2000-07",4.2
"Denmark","2000-08",4.1
"Denmark","2000-09",4
"Denmark","2000-10",4
"Denmark","2000-11",4.1
"Denmark","2000-12",4.1
"Denmark","2001-01",4.3
"Denmark","2001-02",4.4
"Denmark","2001-03",4.4
"Denmark","2001-04",4.3
"Denmark","2001-05",4.3
"Denmark","2001-06",4.4
"Denmark","2001-07",4.5
"Denmark","2001-08",4.7
"Denmark","2001-09",4.7
"Denmark","2001-10",4.7
"Denmark","2001-11",4.7
"Denmark","2001-12",4.7
"Denmark","2002-01",4.6
"Denmark","2002-02",4.4
"Denmark","2002-03",4.3
"Denmark","2002-04",4.3
"Denmark","2002-05",4.4
"Denmark","2002-06",4.5
"Denmark","2002-07",4.8
"Denmark","2002-08",5
"Denmark","2002-09",5
"Denmark","2002-10",4.9
"Denmark","2002-11",4.8
"Denmark","2002-12",4.7
"Denmark","2003-01",4.8
"Denmark","2003-02",5
"Denmark","2003-03",5.2
"Denmark","2003-04",5.4
"Denmark","2003-05",5.6
"Denmark","2003-06",5.6
"Denmark","2003-07",5.4
"Denmark","2003-08",5.4
"Denmark","2003-09",5.5
"Denmark","2003-10",5.7
"Denmark","2003-11",5.8
"Denmark","2003-12",5.8
"Denmark","2004-01",5.8
"Denmark","2004-02",5.7
"Denmark","2004-03",5.5
"Denmark","2004-04",5.5
"Denmark","2004-05",5.4
"Denmark","2004-06",5.5
"Denmark","2004-07",5.6
"Denmark","2004-08",5.6
"Denmark","2004-09",5.6
"Denmark","2004-10",5.4
"Denmark","2004-11",5.3
"Denmark","2004-12",5.3
"Denmark","2005-01",5.3
"Denmark","2005-02",5.2
"Denmark","2005-03",5.2
"Denmark","2005-04",5.2
"Denmark","2005-05",5
"Denmark","2005-06",5
"Denmark","2005-07",5
"Denmark","2005-08",4.7
"Denmark","2005-09",4.5
"Denmark","2005-10",4.3
"Denmark","2005-11",4.1
"Denmark","2005-12",4.1
"Denmark","2006-01",4.1
"Denmark","2006-02",4.2
"Denmark","2006-03",4.2
"Denmark","2006-04",4.2
"Denmark","2006-05",4.1
"Denmark","2006-06",4
"Denmark","2006-07",3.8
"Denmark","2006-08",3.7
"Denmark","2006-09",3.6
"Denmark","2006-10",3.5
"Denmark","2006-11",3.6
"Denmark","2006-12",3.8
"Denmark","2007-01",4.1
"Denmark","2007-02",3.9
"Denmark","2007-03",3.7
"Denmark","2007-04",3.5
"Denmark","2007-05",3.6
"Denmark","2007-06",3.7
"Denmark","2007-07",4
"Denmark","2007-08",4
"Denmark","2007-09",4.1
"Denmark","2007-10",3.7
"Denmark","2007-11",3.7
"Denmark","2007-12",3.3
"Denmark","2008-01",3.2
"Denmark","2008-02",3.5
"Denmark","2008-03",3.6
"Denmark","2008-04",3.2
"Denmark","2008-05",3.5
"Denmark","2008-06",3.7
"Denmark","2008-07",3.7
"Denmark","2008-08",3.8
"Denmark","2008-09",3.8
"Denmark","2008-10",3.6
"Denmark","2008-11",4.6
"Denmark","2008-12",4.2
"Denmark","2009-01",5.4
"Denmark","2009-02",5
"Denmark","2009-03",5.4
"Denmark","2009-04",6.2
"Denmark","2009-05",6
"Denmark","2009-06",7.4
"Denmark","2009-07",5.8
"Denmark","2009-08",7.1
"Denmark","2009-09",7.2
"Denmark","2009-10",7
"Denmark","2009-11",7.3
"Denmark","2009-12",7.5
"Denmark","2010-01",7.5
"Denmark","2010-02",7.7
"Denmark","2010-03",7.8
"Denmark","2010-04",7.7
"Denmark","2010-05",7.6
"Denmark","2010-06",8
"Denmark","2010-07",7.7
"Denmark","2010-08",7.6
"Denmark","2010-09",7.6
"Denmark","2010-10",8.1
"Denmark","2010-11",7.5
"Denmark","2010-12",8.2
"Denmark","2011-01",8
"Denmark","2011-02",7.8
"Denmark","2011-03",7.9
"Denmark","2011-04",7.3
"Denmark","2011-05",7.8
"Denmark","2011-06",7.3
"Denmark","2011-07",8.2
"Denmark","2011-08",7.6
"Denmark","2011-09",7
"Denmark","2011-10",8.2
"Denmark","2011-11",8.1
"Denmark","2011-12",7.9
"Denmark","2012-01",7.5
"Denmark","2012-02",8.1
"Denmark","2012-03",7.6
"Denmark","2012-04",8.4
"Denmark","2012-05",8.5
"Denmark","2012-06",7.8
"Denmark","2012-07",7.5
"Denmark","2012-08",8.1
"Denmark","2012-09",7.7
"Denmark","2012-10",7.6
"Denmark","2012-11",7.3
"Denmark","2012-12",7.4
"Denmark","2013-01",7.9
"Denmark","2013-02",7.2
"Denmark","2013-03",7.5
"Denmark","2013-04",8.3
"Denmark","2013-05",6.6
"Denmark","2013-06",7.5
"Denmark","2013-07",7.5
"Denmark","2013-08",7.1
"Denmark","2013-09",7.5
"Denmark","2013-10",6.8
"Denmark","2013-11",7.6
"Denmark","2013-12",6.9
"Denmark","2014-01",7.5
"Denmark","2014-02",6.9
"Denmark","2014-03",6.7
"Denmark","2014-04",6.7
"Denmark","2014-05",6.8
"Denmark","2014-06",7
"Denmark","2014-07",6.5
"Denmark","2014-08",7.1
"Denmark","2014-09",7.2
"Denmark","2014-10",6.8
"Denmark","2014-11",6.7
"Denmark","2014-12",7.1
"Denmark","2015-01",6
"Denmark","2015-02",6.5
"Denmark","2015-03",6.6
"Denmark","2015-04",6.5
"Denmark","2015-05",6.1
"Denmark","2015-06",6.4
"Denmark","2015-07",6.6
"Denmark","2015-08",6.1
"Denmark","2015-09",6
"Denmark","2015-10",6.2
"Denmark","2015-11",5.9
"Denmark","2015-12",6.3
"Denmark","2016-01",5.7
"Denmark","2016-02",6.1
"Denmark","2016-03",6.1
"Denmark","2016-04",6
"Denmark","2016-05",6.3
"Denmark","2016-06",5.9
"Denmark","2016-07",6.5
"Denmark","2016-08",5.8
"Denmark","2016-09",5.7
"Denmark","2016-10",6.3
"Denmark","2016-11",5.8
"Denmark","2016-12",5.6
"Denmark","2017-01",6.1
"Denmark","2017-02",6.3
"Denmark","2017-03",5.9
"Denmark","2017-04",5.9
"Denmark","2017-05",5.9
"Denmark","2017-06",5.8
"Denmark","2017-07",5.8
"Denmark","2017-08",6
"Denmark","2017-09",6
"Denmark","2017-10",5.4
"Denmark","2017-11",5.5
"Denmark","2017-12",5.3
"Denmark","2018-01",5.4
"Denmark","2018-02",4.6
"Denmark","2018-03",5.6
"Denmark","2018-04",5.1
"Denmark","2018-05",5
"Denmark","2018-06",5.3
"Denmark","2018-07",5
"Denmark","2018-08",5
"Denmark","2018-09",4.7
"Denmark","2018-10",5
"Denmark","2018-11",5.1
"Denmark","2018-12",5.7
"Denmark","2019-01",5.1
"Denmark","2019-02",5.1
"Denmark","2019-03",5.2
"Denmark","2019-04",5.4
"Denmark","2019-05",4.8
"Denmark","2019-06",4.5
"Denmark","2019-07",4.6
"Denmark","2019-08",4.9
"Denmark","2019-09",5.1
"Denmark","2019-10",5
"Denmark","2019-11",5.2
"Denmark","2019-12",5.1
"Denmark","2020-01",4.7
"Denmark","2020-02",5.3
"Denmark","2020-03",4.8
"Denmark","2020-04",4.2
"Denmark","2020-05",5.3
"Denmark","2020-06",6.8
"Denmark","2020-07",6.4
"Denmark","2020-08",6.3
"Denmark","2020-09",6
"Denmark","2020-10",5.9
"Denmark","2020-11",5.9
"Denmark","2020-12",5.9
"Denmark","2021-01",6.2
"Denmark","2021-02",6
"Denmark","2021-03",6.4
"Denmark","2021-04",5
"Denmark","2021-05",5.1
"Denmark","2021-06",4.8
"Denmark","2021-07",4.2
"Denmark","2021-08",5.1
"Denmark","2021-09",4.8
"Denmark","2021-10",4.8
"Denmark","2021-11",4.1
"Denmark","2021-12",4.5
"Denmark","2022-01",4.9
"Denmark","2022-02",4.3
"Denmark","2022-03",4
"Denmark","2022-04",4
"Denmark","2022-05",4.1
"Denmark","2022-06",4.3
"Denmark","2022-07",4.6
"Denmark","2022-08",4.6
"Denmark","2022-09",4.5
"Denmark","2022-10",4.5
"Denmark","2022-11",4.7
"Denmark","2022-12",4.8
"Denmark","2023-01",4.3
"Denmark","2023-02",5.3
"Denmark","2023-03",4.7
"Denmark","2023-04",4.9
"Denmark","2023-05",4.8
"Denmark","2023-06",4.7
"Denmark","2023-07",5.3
"Denmark","2023-08",4.4
"Denmark","2023-09",4.8
"Denmark","2023-10",6.2
"Denmark","2023-11",5.9
"Denmark","2023-12",6
"Denmark","2024-01",6
"Denmark","2024-02",5.8
"Denmark","2024-03",5.7
"Denmark","2024-04",5.9
"Denmark","2024-05",6.1
"Denmark","2024-06",6.2
"Denmark","2024-07",5.9
"Denmark","2024-08",6.2
"Denmark","2024-09",6.7
"Denmark","2024-10",5.8
"Denmark","2024-11",6.8
"Denmark","2024-12",7.2
"Denmark","2025-01",6.6
"Denmark","2025-02",5.5
"Denmark","2025-03",6.9
"Denmark","2025-04",6.9
"Denmark","2025-05",5.3
"Denmark","2025-06",6.7
"Denmark","2025-07",6.5
"Denmark","2025-08",6.4
"Denmark","2025-09",6.3
"Denmark","2025-10",6.7
"Denmark","2025-11",6.6
"Denmark","2025-12",6.1
"Denmark","2026-01",7.5
"Hungary","1983-01",NA
"Hungary","1983-02",NA
"Hungary","1983-03",NA
"Hungary","1983-04",NA
"Hungary","1983-05",NA
"Hungary","1983-06",NA
"Hungary","1983-07",NA
"Hungary","1983-08",NA
"Hungary","1983-09",NA
"Hungary","1983-10",NA
"Hungary","1983-11",NA
"Hungary","1983-12",NA
"Hungary","1984-01",NA
"Hungary","1984-02",NA
"Hungary","1984-03",NA
"Hungary","1984-04",NA
"Hungary","1984-05",NA
"Hungary","1984-06",NA
"Hungary","1984-07",NA
"Hungary","1984-08",NA
"Hungary","1984-09",NA
"Hungary","1984-10",NA
"Hungary","1984-11",NA
"Hungary","1984-12",NA
"Hungary","1985-01",NA
"Hungary","1985-02",NA
"Hungary","1985-03",NA
"Hungary","1985-04",NA
"Hungary","1985-05",NA
"Hungary","1985-06",NA
"Hungary","1985-07",NA
"Hungary","1985-08",NA
"Hungary","1985-09",NA
"Hungary","1985-10",NA
"Hungary","1985-11",NA
"Hungary","1985-12",NA
"Hungary","1986-01",NA
"Hungary","1986-02",NA
"Hungary","1986-03",NA
"Hungary","1986-04",NA
"Hungary","1986-05",NA
"Hungary","1986-06",NA
"Hungary","1986-07",NA
"Hungary","1986-08",NA
"Hungary","1986-09",NA
"Hungary","1986-10",NA
"Hungary","1986-11",NA
"Hungary","1986-12",NA
"Hungary","1987-01",NA
"Hungary","1987-02",NA
"Hungary","1987-03",NA
"Hungary","1987-04",NA
"Hungary","1987-05",NA
"Hungary","1987-06",NA
"Hungary","1987-07",NA
"Hungary","1987-08",NA
"Hungary","1987-09",NA
"Hungary","1987-10",NA
"Hungary","1987-11",NA
"Hungary","1987-12",NA
"Hungary","1988-01",NA
"Hungary","1988-02",NA
"Hungary","1988-03",NA
"Hungary","1988-04",NA
"Hungary","1988-05",NA
"Hungary","1988-06",NA
"Hungary","1988-07",NA
"Hungary","1988-08",NA
"Hungary","1988-09",NA
"Hungary","1988-10",NA
"Hungary","1988-11",NA
"Hungary","1988-12",NA
"Hungary","1989-01",NA
"Hungary","1989-02",NA
"Hungary","1989-03",NA
"Hungary","1989-04",NA
"Hungary","1989-05",NA
"Hungary","1989-06",NA
"Hungary","1989-07",NA
"Hungary","1989-08",NA
"Hungary","1989-09",NA
"Hungary","1989-10",NA
"Hungary","1989-11",NA
"Hungary","1989-12",NA
"Hungary","1990-01",NA
"Hungary","1990-02",NA
"Hungary","1990-03",NA
"Hungary","1990-04",NA
"Hungary","1990-05",NA
"Hungary","1990-06",NA
"Hungary","1990-07",NA
"Hungary","1990-08",NA
"Hungary","1990-09",NA
"Hungary","1990-10",NA
"Hungary","1990-11",NA
"Hungary","1990-12",NA
"Hungary","1991-01",NA
"Hungary","1991-02",NA
"Hungary","1991-03",NA
"Hungary","1991-04",NA
"Hungary","1991-05",NA
"Hungary","1991-06",NA
"Hungary","1991-07",NA
"Hungary","1991-08",NA
"Hungary","1991-09",NA
"Hungary","1991-10",NA
"Hungary","1991-11",NA
"Hungary","1991-12",NA
"Hungary","1992-01",NA
"Hungary","1992-02",NA
"Hungary","1992-03",NA
"Hungary","1992-04",NA
"Hungary","1992-05",NA
"Hungary","1992-06",NA
"Hungary","1992-07",NA
"Hungary","1992-08",NA
"Hungary","1992-09",NA
"Hungary","1992-10",NA
"Hungary","1992-11",NA
"Hungary","1992-12",NA
"Hungary","1993-01",NA
"Hungary","1993-02",NA
"Hungary","1993-03",NA
"Hungary","1993-04",NA
"Hungary","1993-05",NA
"Hungary","1993-06",NA
"Hungary","1993-07",NA
"Hungary","1993-08",NA
"Hungary","1993-09",NA
"Hungary","1993-10",NA
"Hungary","1993-11",NA
"Hungary","1993-12",NA
"Hungary","1994-01",NA
"Hungary","1994-02",NA
"Hungary","1994-03",NA
"Hungary","1994-04",NA
"Hungary","1994-05",NA
"Hungary","1994-06",NA
"Hungary","1994-07",NA
"Hungary","1994-08",NA
"Hungary","1994-09",NA
"Hungary","1994-10",NA
"Hungary","1994-11",NA
"Hungary","1994-12",NA
"Hungary","1995-01",NA
"Hungary","1995-02",NA
"Hungary","1995-03",NA
"Hungary","1995-04",NA
"Hungary","1995-05",NA
"Hungary","1995-06",NA
"Hungary","1995-07",NA
"Hungary","1995-08",NA
"Hungary","1995-09",NA
"Hungary","1995-10",NA
"Hungary","1995-11",NA
"Hungary","1995-12",NA
"Hungary","1996-01",10.3
"Hungary","1996-02",10.1
"Hungary","1996-03",10
"Hungary","1996-04",10
"Hungary","1996-05",10
"Hungary","1996-06",10
"Hungary","1996-07",9.9
"Hungary","1996-08",9.8
"Hungary","1996-09",9.7
"Hungary","1996-10",9.5
"Hungary","1996-11",9.4
"Hungary","1996-12",9.4
"Hungary","1997-01",9.1
"Hungary","1997-02",9.2
"Hungary","1997-03",9.1
"Hungary","1997-04",9.1
"Hungary","1997-05",9
"Hungary","1997-06",9
"Hungary","1997-07",9
"Hungary","1997-08",9
"Hungary","1997-09",9
"Hungary","1997-10",9
"Hungary","1997-11",9.1
"Hungary","1997-12",9.1
"Hungary","1998-01",9.1
"Hungary","1998-02",9.1
"Hungary","1998-03",9.1
"Hungary","1998-04",9
"Hungary","1998-05",8.9
"Hungary","1998-06",8.8
"Hungary","1998-07",8.7
"Hungary","1998-08",8.6
"Hungary","1998-09",8.4
"Hungary","1998-10",8.3
"Hungary","1998-11",8.1
"Hungary","1998-12",7.8
"Hungary","1999-01",7.2
"Hungary","1999-02",7.2
"Hungary","1999-03",7.1
"Hungary","1999-04",7
"Hungary","1999-05",6.9
"Hungary","1999-06",6.9
"Hungary","1999-07",6.8
"Hungary","1999-08",6.7
"Hungary","1999-09",6.7
"Hungary","1999-10",6.7
"Hungary","1999-11",6.7
"Hungary","1999-12",6.6
"Hungary","2000-01",6.6
"Hungary","2000-02",6.6
"Hungary","2000-03",6.5
"Hungary","2000-04",6.5
"Hungary","2000-05",6.4
"Hungary","2000-06",6.3
"Hungary","2000-07",6.2
"Hungary","2000-08",6.1
"Hungary","2000-09",6
"Hungary","2000-10",6
"Hungary","2000-11",5.9
"Hungary","2000-12",5.8
"Hungary","2001-01",5.7
"Hungary","2001-02",5.7
"Hungary","2001-03",5.6
"Hungary","2001-04",5.6
"Hungary","2001-05",5.6
"Hungary","2001-06",5.6
"Hungary","2001-07",5.6
"Hungary","2001-08",5.5
"Hungary","2001-09",5.5
"Hungary","2001-10",5.5
"Hungary","2001-11",5.5
"Hungary","2001-12",5.5
"Hungary","2002-01",5.5
"Hungary","2002-02",5.5
"Hungary","2002-03",5.5
"Hungary","2002-04",5.5
"Hungary","2002-05",5.5
"Hungary","2002-06",5.6
"Hungary","2002-07",5.6
"Hungary","2002-08",5.6
"Hungary","2002-09",5.7
"Hungary","2002-10",5.7
"Hungary","2002-11",5.7
"Hungary","2002-12",5.7
"Hungary","2003-01",5.7
"Hungary","2003-02",5.7
"Hungary","2003-03",5.7
"Hungary","2003-04",5.8
"Hungary","2003-05",5.8
"Hungary","2003-06",5.8
"Hungary","2003-07",5.7
"Hungary","2003-08",5.7
"Hungary","2003-09",5.7
"Hungary","2003-10",5.7
"Hungary","2003-11",5.7
"Hungary","2003-12",5.7
"Hungary","2004-01",5.7
"Hungary","2004-02",5.8
"Hungary","2004-03",5.8
"Hungary","2004-04",5.8
"Hungary","2004-05",5.9
"Hungary","2004-06",6
"Hungary","2004-07",6.1
"Hungary","2004-08",6.2
"Hungary","2004-09",6.2
"Hungary","2004-10",6.4
"Hungary","2004-11",6.4
"Hungary","2004-12",6.5
"Hungary","2005-01",6.6
"Hungary","2005-02",6.8
"Hungary","2005-03",6.9
"Hungary","2005-04",7.1
"Hungary","2005-05",7.2
"Hungary","2005-06",7.2
"Hungary","2005-07",7.3
"Hungary","2005-08",7.4
"Hungary","2005-09",7.4
"Hungary","2005-10",7.4
"Hungary","2005-11",7.4
"Hungary","2005-12",7.4
"Hungary","2006-01",7.5
"Hungary","2006-02",7.3
"Hungary","2006-03",7.3
"Hungary","2006-04",7.2
"Hungary","2006-05",7.3
"Hungary","2006-06",7.5
"Hungary","2006-07",7.5
"Hungary","2006-08",7.6
"Hungary","2006-09",7.6
"Hungary","2006-10",7.7
"Hungary","2006-11",7.6
"Hungary","2006-12",7.4
"Hungary","2007-01",7.1
"Hungary","2007-02",7.1
"Hungary","2007-03",7.2
"Hungary","2007-04",7.2
"Hungary","2007-05",7.1
"Hungary","2007-06",7.1
"Hungary","2007-07",7.3
"Hungary","2007-08",7.3
"Hungary","2007-09",7.5
"Hungary","2007-10",7.6
"Hungary","2007-11",7.9
"Hungary","2007-12",8
"Hungary","2008-01",7.8
"Hungary","2008-02",7.6
"Hungary","2008-03",7.5
"Hungary","2008-04",7.6
"Hungary","2008-05",7.7
"Hungary","2008-06",7.6
"Hungary","2008-07",7.6
"Hungary","2008-08",7.8
"Hungary","2008-09",7.9
"Hungary","2008-10",8
"Hungary","2008-11",8.2
"Hungary","2008-12",8.4
"Hungary","2009-01",8.6
"Hungary","2009-02",8.8
"Hungary","2009-03",9.3
"Hungary","2009-04",9.4
"Hungary","2009-05",9.2
"Hungary","2009-06",9.5
"Hungary","2009-07",9.9
"Hungary","2009-08",10.1
"Hungary","2009-09",10.5
"Hungary","2009-10",10.1
"Hungary","2009-11",10.5
"Hungary","2009-12",10.4
"Hungary","2010-01",10.6
"Hungary","2010-02",10.8
"Hungary","2010-03",10.9
"Hungary","2010-04",10.8
"Hungary","2010-05",10.9
"Hungary","2010-06",11
"Hungary","2010-07",10.6
"Hungary","2010-08",10.9
"Hungary","2010-09",10.7
"Hungary","2010-10",10.6
"Hungary","2010-11",10.8
"Hungary","2010-12",10.9
"Hungary","2011-01",11.1
"Hungary","2011-02",10.9
"Hungary","2011-03",10.5
"Hungary","2011-04",10.6
"Hungary","2011-05",10.5
"Hungary","2011-06",10.5
"Hungary","2011-07",10.6
"Hungary","2011-08",10.7
"Hungary","2011-09",10.5
"Hungary","2011-10",10.6
"Hungary","2011-11",10.4
"Hungary","2011-12",10.9
"Hungary","2012-01",11
"Hungary","2012-02",10.8
"Hungary","2012-03",10.8
"Hungary","2012-04",10.7
"Hungary","2012-05",10.6
"Hungary","2012-06",10.5
"Hungary","2012-07",10.3
"Hungary","2012-08",10.3
"Hungary","2012-09",10.3
"Hungary","2012-10",10.4
"Hungary","2012-11",10.5
"Hungary","2012-12",10.8
"Hungary","2013-01",11.4
"Hungary","2013-02",11
"Hungary","2013-03",10.1
"Hungary","2013-04",10.4
"Hungary","2013-05",10.1
"Hungary","2013-06",9.9
"Hungary","2013-07",9.9
"Hungary","2013-08",9.8
"Hungary","2013-09",9.6
"Hungary","2013-10",9.7
"Hungary","2013-11",8.8
"Hungary","2013-12",8.3
"Hungary","2014-01",8
"Hungary","2014-02",7.7
"Hungary","2014-03",7.6
"Hungary","2014-04",7.5
"Hungary","2014-05",8
"Hungary","2014-06",8.2
"Hungary","2014-07",7.5
"Hungary","2014-08",7.3
"Hungary","2014-09",6.9
"Hungary","2014-10",7.1
"Hungary","2014-11",7.3
"Hungary","2014-12",7.2
"Hungary","2015-01",7.2
"Hungary","2015-02",7.2
"Hungary","2015-03",7.1
"Hungary","2015-04",7
"Hungary","2015-05",6.7
"Hungary","2015-06",6.6
"Hungary","2015-07",6.4
"Hungary","2015-08",6.1
"Hungary","2015-09",6.1
"Hungary","2015-10",6
"Hungary","2015-11",6.1
"Hungary","2015-12",5.9
"Hungary","2016-01",5.8
"Hungary","2016-02",5.6
"Hungary","2016-03",5.5
"Hungary","2016-04",5.3
"Hungary","2016-05",4.9
"Hungary","2016-06",4.7
"Hungary","2016-07",4.7
"Hungary","2016-08",4.6
"Hungary","2016-09",4.5
"Hungary","2016-10",4.4
"Hungary","2016-11",4.3
"Hungary","2016-12",4.2
"Hungary","2017-01",4.2
"Hungary","2017-02",4.2
"Hungary","2017-03",4.4
"Hungary","2017-04",4.4
"Hungary","2017-05",4.2
"Hungary","2017-06",4.1
"Hungary","2017-07",4
"Hungary","2017-08",3.9
"Hungary","2017-09",3.9
"Hungary","2017-10",3.8
"Hungary","2017-11",3.7
"Hungary","2017-12",3.6
"Hungary","2018-01",3.6
"Hungary","2018-02",3.7
"Hungary","2018-03",3.6
"Hungary","2018-04",3.4
"Hungary","2018-05",3.3
"Hungary","2018-06",3.3
"Hungary","2018-07",3.6
"Hungary","2018-08",3.5
"Hungary","2018-09",3.6
"Hungary","2018-10",3.4
"Hungary","2018-11",3.4
"Hungary","2018-12",3.4
"Hungary","2019-01",3.3
"Hungary","2019-02",3.4
"Hungary","2019-03",3.4
"Hungary","2019-04",3.3
"Hungary","2019-05",3.3
"Hungary","2019-06",3.2
"Hungary","2019-07",3.3
"Hungary","2019-08",3.3
"Hungary","2019-09",3.3
"Hungary","2019-10",3.2
"Hungary","2019-11",3.1
"Hungary","2019-12",3
"Hungary","2020-01",3.2
"Hungary","2020-02",3.2
"Hungary","2020-03",3.3
"Hungary","2020-04",4.2
"Hungary","2020-05",4.7
"Hungary","2020-06",4.9
"Hungary","2020-07",4.5
"Hungary","2020-08",4.4
"Hungary","2020-09",4.3
"Hungary","2020-10",4.3
"Hungary","2020-11",4.3
"Hungary","2020-12",4.3
"Hungary","2021-01",4.3
"Hungary","2021-02",4.2
"Hungary","2021-03",4.2
"Hungary","2021-04",4.2
"Hungary","2021-05",4.1
"Hungary","2021-06",4
"Hungary","2021-07",4
"Hungary","2021-08",4
"Hungary","2021-09",3.9
"Hungary","2021-10",3.9
"Hungary","2021-11",3.8
"Hungary","2021-12",3.9
"Hungary","2022-01",3.6
"Hungary","2022-02",3.6
"Hungary","2022-03",3.5
"Hungary","2022-04",3.5
"Hungary","2022-05",3.5
"Hungary","2022-06",3.5
"Hungary","2022-07",3.6
"Hungary","2022-08",3.7
"Hungary","2022-09",3.8
"Hungary","2022-10",3.9
"Hungary","2022-11",3.9
"Hungary","2022-12",3.9
"Hungary","2023-01",3.9
"Hungary","2023-02",3.9
"Hungary","2023-03",3.9
"Hungary","2023-04",4
"Hungary","2023-05",4
"Hungary","2023-06",4
"Hungary","2023-07",4
"Hungary","2023-08",4.1
"Hungary","2023-09",4.2
"Hungary","2023-10",4.2
"Hungary","2023-11",4.3
"Hungary","2023-12",4.4
"Hungary","2024-01",4.3
"Hungary","2024-02",4.3
"Hungary","2024-03",4.3
"Hungary","2024-04",4.3
"Hungary","2024-05",4.3
"Hungary","2024-06",4.3
"Hungary","2024-07",4.3
"Hungary","2024-08",4.4
"Hungary","2024-09",4.5
"Hungary","2024-10",4.5
"Hungary","2024-11",4.5
"Hungary","2024-12",4.4
"Hungary","2025-01",4.3
"Hungary","2025-02",4.3
"Hungary","2025-03",4.2
"Hungary","2025-04",4.3
"Hungary","2025-05",4.3
"Hungary","2025-06",4.4
"Hungary","2025-07",4.3
"Hungary","2025-08",4.3
"Hungary","2025-09",4.5
"Hungary","2025-10",4.5
"Hungary","2025-11",4.4
"Hungary","2025-12",4.5
"Hungary","2026-01",4.5
"Poland","1983-01",NA
"Poland","1983-02",NA
"Poland","1983-03",NA
"Poland","1983-04",NA
"Poland","1983-05",NA
"Poland","1983-06",NA
"Poland","1983-07",NA
"Poland","1983-08",NA
"Poland","1983-09",NA
"Poland","1983-10",NA
"Poland","1983-11",NA
"Poland","1983-12",NA
"Poland","1984-01",NA
"Poland","1984-02",NA
"Poland","1984-03",NA
"Poland","1984-04",NA
"Poland","1984-05",NA
"Poland","1984-06",NA
"Poland","1984-07",NA
"Poland","1984-08",NA
"Poland","1984-09",NA
"Poland","1984-10",NA
"Poland","1984-11",NA
"Poland","1984-12",NA
"Poland","1985-01",NA
"Poland","1985-02",NA
"Poland","1985-03",NA
"Poland","1985-04",NA
"Poland","1985-05",NA
"Poland","1985-06",NA
"Poland","1985-07",NA
"Poland","1985-08",NA
"Poland","1985-09",NA
"Poland","1985-10",NA
"Poland","1985-11",NA
"Poland","1985-12",NA
"Poland","1986-01",NA
"Poland","1986-02",NA
"Poland","1986-03",NA
"Poland","1986-04",NA
"Poland","1986-05",NA
"Poland","1986-06",NA
"Poland","1986-07",NA
"Poland","1986-08",NA
"Poland","1986-09",NA
"Poland","1986-10",NA
"Poland","1986-11",NA
"Poland","1986-12",NA
"Poland","1987-01",NA
"Poland","1987-02",NA
"Poland","1987-03",NA
"Poland","1987-04",NA
"Poland","1987-05",NA
"Poland","1987-06",NA
"Poland","1987-07",NA
"Poland","1987-08",NA
"Poland","1987-09",NA
"Poland","1987-10",NA
"Poland","1987-11",NA
"Poland","1987-12",NA
"Poland","1988-01",NA
"Poland","1988-02",NA
"Poland","1988-03",NA
"Poland","1988-04",NA
"Poland","1988-05",NA
"Poland","1988-06",NA
"Poland","1988-07",NA
"Poland","1988-08",NA
"Poland","1988-09",NA
"Poland","1988-10",NA
"Poland","1988-11",NA
"Poland","1988-12",NA
"Poland","1989-01",NA
"Poland","1989-02",NA
"Poland","1989-03",NA
"Poland","1989-04",NA
"Poland","1989-05",NA
"Poland","1989-06",NA
"Poland","1989-07",NA
"Poland","1989-08",NA
"Poland","1989-09",NA
"Poland","1989-10",NA
"Poland","1989-11",NA
"Poland","1989-12",NA
"Poland","1990-01",NA
"Poland","1990-02",NA
"Poland","1990-03",NA
"Poland","1990-04",NA
"Poland","1990-05",NA
"Poland","1990-06",NA
"Poland","1990-07",NA
"Poland","1990-08",NA
"Poland","1990-09",NA
"Poland","1990-10",NA
"Poland","1990-11",NA
"Poland","1990-12",NA
"Poland","1991-01",NA
"Poland","1991-02",NA
"Poland","1991-03",NA
"Poland","1991-04",NA
"Poland","1991-05",NA
"Poland","1991-06",NA
"Poland","1991-07",NA
"Poland","1991-08",NA
"Poland","1991-09",NA
"Poland","1991-10",NA
"Poland","1991-11",NA
"Poland","1991-12",NA
"Poland","1992-01",NA
"Poland","1992-02",NA
"Poland","1992-03",NA
"Poland","1992-04",NA
"Poland","1992-05",NA
"Poland","1992-06",NA
"Poland","1992-07",NA
"Poland","1992-08",NA
"Poland","1992-09",NA
"Poland","1992-10",NA
"Poland","1992-11",NA
"Poland","1992-12",NA
"Poland","1993-01",NA
"Poland","1993-02",NA
"Poland","1993-03",NA
"Poland","1993-04",NA
"Poland","1993-05",NA
"Poland","1993-06",NA
"Poland","1993-07",NA
"Poland","1993-08",NA
"Poland","1993-09",NA
"Poland","1993-10",NA
"Poland","1993-11",NA
"Poland","1993-12",NA
"Poland","1994-01",NA
"Poland","1994-02",NA
"Poland","1994-03",NA
"Poland","1994-04",NA
"Poland","1994-05",NA
"Poland","1994-06",NA
"Poland","1994-07",NA
"Poland","1994-08",NA
"Poland","1994-09",NA
"Poland","1994-10",NA
"Poland","1994-11",NA
"Poland","1994-12",NA
"Poland","1995-01",NA
"Poland","1995-02",NA
"Poland","1995-03",NA
"Poland","1995-04",NA
"Poland","1995-05",NA
"Poland","1995-06",NA
"Poland","1995-07",NA
"Poland","1995-08",NA
"Poland","1995-09",NA
"Poland","1995-10",NA
"Poland","1995-11",NA
"Poland","1995-12",NA
"Poland","1996-01",NA
"Poland","1996-02",NA
"Poland","1996-03",NA
"Poland","1996-04",NA
"Poland","1996-05",NA
"Poland","1996-06",NA
"Poland","1996-07",NA
"Poland","1996-08",NA
"Poland","1996-09",NA
"Poland","1996-10",NA
"Poland","1996-11",NA
"Poland","1996-12",NA
"Poland","1997-01",11.8
"Poland","1997-02",11.5
"Poland","1997-03",11.3
"Poland","1997-04",11.1
"Poland","1997-05",10.9
"Poland","1997-06",10.9
"Poland","1997-07",10.8
"Poland","1997-08",10.7
"Poland","1997-09",10.5
"Poland","1997-10",10.4
"Poland","1997-11",10.2
"Poland","1997-12",10.1
"Poland","1998-01",10
"Poland","1998-02",9.9
"Poland","1998-03",9.8
"Poland","1998-04",9.8
"Poland","1998-05",9.9
"Poland","1998-06",10
"Poland","1998-07",10.1
"Poland","1998-08",10.2
"Poland","1998-09",10.4
"Poland","1998-10",10.6
"Poland","1998-11",10.8
"Poland","1998-12",11
"Poland","1999-01",11.5
"Poland","1999-02",12
"Poland","1999-03",12.3
"Poland","1999-04",12.7
"Poland","1999-05",12.9
"Poland","1999-06",13.2
"Poland","1999-07",13.5
"Poland","1999-08",13.8
"Poland","1999-09",14.2
"Poland","1999-10",14.5
"Poland","1999-11",14.8
"Poland","1999-12",15.1
"Poland","2000-01",15.5
"Poland","2000-02",15.8
"Poland","2000-03",16.1
"Poland","2000-04",16.2
"Poland","2000-05",16.3
"Poland","2000-06",16.1
"Poland","2000-07",16
"Poland","2000-08",15.9
"Poland","2000-09",16
"Poland","2000-10",16.2
"Poland","2000-11",16.5
"Poland","2000-12",16.8
"Poland","2001-01",17.1
"Poland","2001-02",17.4
"Poland","2001-03",17.7
"Poland","2001-04",18.1
"Poland","2001-05",18.4
"Poland","2001-06",18.5
"Poland","2001-07",18.4
"Poland","2001-08",18.4
"Poland","2001-09",18.6
"Poland","2001-10",18.8
"Poland","2001-11",19.1
"Poland","2001-12",19.2
"Poland","2002-01",19.4
"Poland","2002-02",19.4
"Poland","2002-03",19.6
"Poland","2002-04",19.9
"Poland","2002-05",19.8
"Poland","2002-06",20.2
"Poland","2002-07",20.4
"Poland","2002-08",20.5
"Poland","2002-09",20.5
"Poland","2002-10",20.4
"Poland","2002-11",20.3
"Poland","2002-12",20.1
"Poland","2003-01",19.9
"Poland","2003-02",19.8
"Poland","2003-03",19.6
"Poland","2003-04",19.5
"Poland","2003-05",19.5
"Poland","2003-06",19.7
"Poland","2003-07",19.9
"Poland","2003-08",20
"Poland","2003-09",19.9
"Poland","2003-10",19.8
"Poland","2003-11",19.7
"Poland","2003-12",19.8
"Poland","2004-01",20
"Poland","2004-02",19.9
"Poland","2004-03",19.8
"Poland","2004-04",19.5
"Poland","2004-05",19.3
"Poland","2004-06",19.2
"Poland","2004-07",19
"Poland","2004-08",18.9
"Poland","2004-09",18.7
"Poland","2004-10",18.6
"Poland","2004-11",18.4
"Poland","2004-12",18.3
"Poland","2005-01",18.1
"Poland","2005-02",18.2
"Poland","2005-03",18.3
"Poland","2005-04",18.4
"Poland","2005-05",18.4
"Poland","2005-06",18.4
"Poland","2005-07",18.2
"Poland","2005-08",18
"Poland","2005-09",17.8
"Poland","2005-10",17.5
"Poland","2005-11",17.1
"Poland","2005-12",16.6
"Poland","2006-01",16
"Poland","2006-02",15.4
"Poland","2006-03",15.1
"Poland","2006-04",14.7
"Poland","2006-05",14.4
"Poland","2006-06",14
"Poland","2006-07",13.8
"Poland","2006-08",13.5
"Poland","2006-09",13.2
"Poland","2006-10",12.9
"Poland","2006-11",12.4
"Poland","2006-12",11.9
"Poland","2007-01",11.3
"Poland","2007-02",10.7
"Poland","2007-03",10.3
"Poland","2007-04",10
"Poland","2007-05",9.7
"Poland","2007-06",9.5
"Poland","2007-07",9.4
"Poland","2007-08",9.3
"Poland","2007-09",9.2
"Poland","2007-10",8.9
"Poland","2007-11",8.7
"Poland","2007-12",8.3
"Poland","2008-01",7.8
"Poland","2008-02",7.5
"Poland","2008-03",7.3
"Poland","2008-04",7.2
"Poland","2008-05",7.2
"Poland","2008-06",7
"Poland","2008-07",6.9
"Poland","2008-08",6.8
"Poland","2008-09",6.7
"Poland","2008-10",6.6
"Poland","2008-11",6.8
"Poland","2008-12",7
"Poland","2009-01",7.4
"Poland","2009-02",7.5
"Poland","2009-03",7.7
"Poland","2009-04",7.8
"Poland","2009-05",7.9
"Poland","2009-06",8.1
"Poland","2009-07",8.3
"Poland","2009-08",8.4
"Poland","2009-09",8.4
"Poland","2009-10",8.4
"Poland","2009-11",8.7
"Poland","2009-12",9.1
"Poland","2010-01",10.3
"Poland","2010-02",10.3
"Poland","2010-03",10.3
"Poland","2010-04",10.1
"Poland","2010-05",10
"Poland","2010-06",9.9
"Poland","2010-07",9.8
"Poland","2010-08",9.8
"Poland","2010-09",9.8
"Poland","2010-10",9.8
"Poland","2010-11",9.8
"Poland","2010-12",9.8
"Poland","2011-01",9.7
"Poland","2011-02",9.7
"Poland","2011-03",9.8
"Poland","2011-04",9.9
"Poland","2011-05",9.9
"Poland","2011-06",9.9
"Poland","2011-07",9.9
"Poland","2011-08",10
"Poland","2011-09",10.1
"Poland","2011-10",10.2
"Poland","2011-11",10.2
"Poland","2011-12",10.2
"Poland","2012-01",10.2
"Poland","2012-02",10.2
"Poland","2012-03",10.2
"Poland","2012-04",10.2
"Poland","2012-05",10.3
"Poland","2012-06",10.4
"Poland","2012-07",10.5
"Poland","2012-08",10.5
"Poland","2012-09",10.5
"Poland","2012-10",10.5
"Poland","2012-11",10.6
"Poland","2012-12",10.6
"Poland","2013-01",10.9
"Poland","2013-02",10.9
"Poland","2013-03",11
"Poland","2013-04",11
"Poland","2013-05",10.9
"Poland","2013-06",10.7
"Poland","2013-07",10.6
"Poland","2013-08",10.4
"Poland","2013-09",10.3
"Poland","2013-10",10.2
"Poland","2013-11",10.2
"Poland","2013-12",10.2
"Poland","2014-01",10.4
"Poland","2014-02",10.3
"Poland","2014-03",10.1
"Poland","2014-04",9.8
"Poland","2014-05",9.5
"Poland","2014-06",9.2
"Poland","2014-07",8.9
"Poland","2014-08",8.6
"Poland","2014-09",8.5
"Poland","2014-10",8.4
"Poland","2014-11",8.4
"Poland","2014-12",8.4
"Poland","2015-01",8.4
"Poland","2015-02",8.3
"Poland","2015-03",8.1
"Poland","2015-04",7.9
"Poland","2015-05",7.7
"Poland","2015-06",7.6
"Poland","2015-07",7.5
"Poland","2015-08",7.5
"Poland","2015-09",7.4
"Poland","2015-10",7.3
"Poland","2015-11",7.2
"Poland","2015-12",7
"Poland","2016-01",6.8
"Poland","2016-02",6.7
"Poland","2016-03",6.6
"Poland","2016-04",6.5
"Poland","2016-05",6.4
"Poland","2016-06",6.4
"Poland","2016-07",6.3
"Poland","2016-08",6.2
"Poland","2016-09",6.1
"Poland","2016-10",5.9
"Poland","2016-11",5.7
"Poland","2016-12",5.5
"Poland","2017-01",5.3
"Poland","2017-02",5.1
"Poland","2017-03",5.1
"Poland","2017-04",5.2
"Poland","2017-05",5.2
"Poland","2017-06",5.1
"Poland","2017-07",4.9
"Poland","2017-08",4.9
"Poland","2017-09",4.8
"Poland","2017-10",4.7
"Poland","2017-11",4.6
"Poland","2017-12",4.4
"Poland","2018-01",4.1
"Poland","2018-02",3.9
"Poland","2018-03",3.8
"Poland","2018-04",3.8
"Poland","2018-05",3.7
"Poland","2018-06",3.8
"Poland","2018-07",3.9
"Poland","2018-08",3.9
"Poland","2018-09",4
"Poland","2018-10",4
"Poland","2018-11",3.9
"Poland","2018-12",3.9
"Poland","2019-01",3.7
"Poland","2019-02",3.6
"Poland","2019-03",3.5
"Poland","2019-04",3.4
"Poland","2019-05",3.3
"Poland","2019-06",3.2
"Poland","2019-07",3.2
"Poland","2019-08",3.1
"Poland","2019-09",3.1
"Poland","2019-10",3
"Poland","2019-11",3
"Poland","2019-12",2.9
"Poland","2020-01",2.9
"Poland","2020-02",2.8
"Poland","2020-03",2.9
"Poland","2020-04",3.1
"Poland","2020-05",3.3
"Poland","2020-06",3.4
"Poland","2020-07",3.4
"Poland","2020-08",3.4
"Poland","2020-09",3.3
"Poland","2020-10",3.2
"Poland","2020-11",3.2
"Poland","2020-12",3.3
"Poland","2021-01",3.6
"Poland","2021-02",3.8
"Poland","2021-03",3.9
"Poland","2021-04",3.8
"Poland","2021-05",3.7
"Poland","2021-06",3.5
"Poland","2021-07",3.3
"Poland","2021-08",3.1
"Poland","2021-09",3
"Poland","2021-10",3
"Poland","2021-11",3
"Poland","2021-12",2.9
"Poland","2022-01",2.9
"Poland","2022-02",2.8
"Poland","2022-03",2.8
"Poland","2022-04",2.8
"Poland","2022-05",2.8
"Poland","2022-06",2.8
"Poland","2022-07",2.9
"Poland","2022-08",3
"Poland","2022-09",3
"Poland","2022-10",3
"Poland","2022-11",2.9
"Poland","2022-12",2.8
"Poland","2023-01",2.7
"Poland","2023-02",2.6
"Poland","2023-03",2.7
"Poland","2023-04",2.7
"Poland","2023-05",2.8
"Poland","2023-06",2.8
"Poland","2023-07",2.8
"Poland","2023-08",2.8
"Poland","2023-09",2.9
"Poland","2023-10",3.1
"Poland","2023-11",3.1
"Poland","2023-12",3.1
"Poland","2024-01",2.9
"Poland","2024-02",2.9
"Poland","2024-03",2.8
"Poland","2024-04",2.8
"Poland","2024-05",2.9
"Poland","2024-06",2.9
"Poland","2024-07",3
"Poland","2024-08",3
"Poland","2024-09",3
"Poland","2024-10",2.8
"Poland","2024-11",2.8
"Poland","2024-12",2.9
"Poland","2025-01",3
"Poland","2025-02",3.1
"Poland","2025-03",3.2
"Poland","2025-04",3.1
"Poland","2025-05",3
"Poland","2025-06",3.1
"Poland","2025-07",3.2
"Poland","2025-08",3.2
"Poland","2025-09",3.2
"Poland","2025-10",3.2
"Poland","2025-11",3.2
"Poland","2025-12",3.2
"Poland","2026-01",3.1
"Romania","1983-01",NA
"Romania","1983-02",NA
"Romania","1983-03",NA
"Romania","1983-04",NA
"Romania","1983-05",NA
"Romania","1983-06",NA
"Romania","1983-07",NA
"Romania","1983-08",NA
"Romania","1983-09",NA
"Romania","1983-10",NA
"Romania","1983-11",NA
"Romania","1983-12",NA
"Romania","1984-01",NA
"Romania","1984-02",NA
"Romania","1984-03",NA
"Romania","1984-04",NA
"Romania","1984-05",NA
"Romania","1984-06",NA
"Romania","1984-07",NA
"Romania","1984-08",NA
"Romania","1984-09",NA
"Romania","1984-10",NA
"Romania","1984-11",NA
"Romania","1984-12",NA
"Romania","1985-01",NA
"Romania","1985-02",NA
"Romania","1985-03",NA
"Romania","1985-04",NA
"Romania","1985-05",NA
"Romania","1985-06",NA
"Romania","1985-07",NA
"Romania","1985-08",NA
"Romania","1985-09",NA
"Romania","1985-10",NA
"Romania","1985-11",NA
"Romania","1985-12",NA
"Romania","1986-01",NA
"Romania","1986-02",NA
"Romania","1986-03",NA
"Romania","1986-04",NA
"Romania","1986-05",NA
"Romania","1986-06",NA
"Romania","1986-07",NA
"Romania","1986-08",NA
"Romania","1986-09",NA
"Romania","1986-10",NA
"Romania","1986-11",NA
"Romania","1986-12",NA
"Romania","1987-01",NA
"Romania","1987-02",NA
"Romania","1987-03",NA
"Romania","1987-04",NA
"Romania","1987-05",NA
"Romania","1987-06",NA
"Romania","1987-07",NA
"Romania","1987-08",NA
"Romania","1987-09",NA
"Romania","1987-10",NA
"Romania","1987-11",NA
"Romania","1987-12",NA
"Romania","1988-01",NA
"Romania","1988-02",NA
"Romania","1988-03",NA
"Romania","1988-04",NA
"Romania","1988-05",NA
"Romania","1988-06",NA
"Romania","1988-07",NA
"Romania","1988-08",NA
"Romania","1988-09",NA
"Romania","1988-10",NA
"Romania","1988-11",NA
"Romania","1988-12",NA
"Romania","1989-01",NA
"Romania","1989-02",NA
"Romania","1989-03",NA
"Romania","1989-04",NA
"Romania","1989-05",NA
"Romania","1989-06",NA
"Romania","1989-07",NA
"Romania","1989-08",NA
"Romania","1989-09",NA
"Romania","1989-10",NA
"Romania","1989-11",NA
"Romania","1989-12",NA
"Romania","1990-01",NA
"Romania","1990-02",NA
"Romania","1990-03",NA
"Romania","1990-04",NA
"Romania","1990-05",NA
"Romania","1990-06",NA
"Romania","1990-07",NA
"Romania","1990-08",NA
"Romania","1990-09",NA
"Romania","1990-10",NA
"Romania","1990-11",NA
"Romania","1990-12",NA
"Romania","1991-01",NA
"Romania","1991-02",NA
"Romania","1991-03",NA
"Romania","1991-04",NA
"Romania","1991-05",NA
"Romania","1991-06",NA
"Romania","1991-07",NA
"Romania","1991-08",NA
"Romania","1991-09",NA
"Romania","1991-10",NA
"Romania","1991-11",NA
"Romania","1991-12",NA
"Romania","1992-01",NA
"Romania","1992-02",NA
"Romania","1992-03",NA
"Romania","1992-04",NA
"Romania","1992-05",NA
"Romania","1992-06",NA
"Romania","1992-07",NA
"Romania","1992-08",NA
"Romania","1992-09",NA
"Romania","1992-10",NA
"Romania","1992-11",NA
"Romania","1992-12",NA
"Romania","1993-01",NA
"Romania","1993-02",NA
"Romania","1993-03",NA
"Romania","1993-04",NA
"Romania","1993-05",NA
"Romania","1993-06",NA
"Romania","1993-07",NA
"Romania","1993-08",NA
"Romania","1993-09",NA
"Romania","1993-10",NA
"Romania","1993-11",NA
"Romania","1993-12",NA
"Romania","1994-01",NA
"Romania","1994-02",NA
"Romania","1994-03",NA
"Romania","1994-04",NA
"Romania","1994-05",NA
"Romania","1994-06",NA
"Romania","1994-07",NA
"Romania","1994-08",NA
"Romania","1994-09",NA
"Romania","1994-10",NA
"Romania","1994-11",NA
"Romania","1994-12",NA
"Romania","1995-01",NA
"Romania","1995-02",NA
"Romania","1995-03",NA
"Romania","1995-04",NA
"Romania","1995-05",NA
"Romania","1995-06",NA
"Romania","1995-07",NA
"Romania","1995-08",NA
"Romania","1995-09",NA
"Romania","1995-10",NA
"Romania","1995-11",NA
"Romania","1995-12",NA
"Romania","1996-01",NA
"Romania","1996-02",NA
"Romania","1996-03",NA
"Romania","1996-04",NA
"Romania","1996-05",NA
"Romania","1996-06",NA
"Romania","1996-07",NA
"Romania","1996-08",NA
"Romania","1996-09",NA
"Romania","1996-10",NA
"Romania","1996-11",NA
"Romania","1996-12",NA
"Romania","1997-01",5.7
"Romania","1997-02",5.9
"Romania","1997-03",6
"Romania","1997-04",6
"Romania","1997-05",6.1
"Romania","1997-06",6.1
"Romania","1997-07",6.2
"Romania","1997-08",6.1
"Romania","1997-09",6.2
"Romania","1997-10",6.3
"Romania","1997-11",6.5
"Romania","1997-12",6.5
"Romania","1998-01",6.4
"Romania","1998-02",6.3
"Romania","1998-03",6.1
"Romania","1998-04",6.1
"Romania","1998-05",6.2
"Romania","1998-06",6.2
"Romania","1998-07",6.2
"Romania","1998-08",6.2
"Romania","1998-09",6.3
"Romania","1998-10",6.2
"Romania","1998-11",6.4
"Romania","1998-12",6.4
"Romania","1999-01",6.6
"Romania","1999-02",6.6
"Romania","1999-03",6.7
"Romania","1999-04",6.7
"Romania","1999-05",6.8
"Romania","1999-06",7
"Romania","1999-07",7.2
"Romania","1999-08",7.4
"Romania","1999-09",7.4
"Romania","1999-10",7.6
"Romania","1999-11",7.5
"Romania","1999-12",7.5
"Romania","2000-01",7.4
"Romania","2000-02",7.4
"Romania","2000-03",7.3
"Romania","2000-04",7.5
"Romania","2000-05",7.6
"Romania","2000-06",7.7
"Romania","2000-07",7.7
"Romania","2000-08",7.7
"Romania","2000-09",7.8
"Romania","2000-10",7.8
"Romania","2000-11",7.7
"Romania","2000-12",7.6
"Romania","2001-01",7.5
"Romania","2001-02",7.4
"Romania","2001-03",7.3
"Romania","2001-04",7.2
"Romania","2001-05",7.2
"Romania","2001-06",7.2
"Romania","2001-07",7.2
"Romania","2001-08",7.3
"Romania","2001-09",7.4
"Romania","2001-10",7.5
"Romania","2001-11",7.7
"Romania","2001-12",8.1
"Romania","2002-01",8.4
"Romania","2002-02",8.5
"Romania","2002-03",8.7
"Romania","2002-04",8.8
"Romania","2002-05",8.7
"Romania","2002-06",8.7
"Romania","2002-07",8.7
"Romania","2002-08",8.5
"Romania","2002-09",8.2
"Romania","2002-10",7.8
"Romania","2002-11",7.6
"Romania","2002-12",7.5
"Romania","2003-01",7.5
"Romania","2003-02",7.6
"Romania","2003-03",7.8
"Romania","2003-04",7.8
"Romania","2003-05",7.7
"Romania","2003-06",7.7
"Romania","2003-07",7.6
"Romania","2003-08",7.7
"Romania","2003-09",7.6
"Romania","2003-10",7.8
"Romania","2003-11",8.2
"Romania","2003-12",8.3
"Romania","2004-01",8.9
"Romania","2004-02",7.3
"Romania","2004-03",7.7
"Romania","2004-04",8
"Romania","2004-05",7.6
"Romania","2004-06",7.9
"Romania","2004-07",7.9
"Romania","2004-08",8.2
"Romania","2004-09",8
"Romania","2004-10",7.9
"Romania","2004-11",8
"Romania","2004-12",8
"Romania","2005-01",7.8
"Romania","2005-02",7.9
"Romania","2005-03",7.9
"Romania","2005-04",7.2
"Romania","2005-05",7.4
"Romania","2005-06",7.3
"Romania","2005-07",6.7
"Romania","2005-08",6.6
"Romania","2005-09",6.5
"Romania","2005-10",6.8
"Romania","2005-11",6.8
"Romania","2005-12",6.6
"Romania","2006-01",7
"Romania","2006-02",7.2
"Romania","2006-03",7
"Romania","2006-04",7
"Romania","2006-05",7
"Romania","2006-06",6.9
"Romania","2006-07",7.5
"Romania","2006-08",7.3
"Romania","2006-09",7.6
"Romania","2006-10",7
"Romania","2006-11",7.1
"Romania","2006-12",7.2
"Romania","2007-01",6.5
"Romania","2007-02",6.6
"Romania","2007-03",6.5
"Romania","2007-04",6.7
"Romania","2007-05",6.5
"Romania","2007-06",6.6
"Romania","2007-07",6.4
"Romania","2007-08",6.2
"Romania","2007-09",6.2
"Romania","2007-10",6
"Romania","2007-11",6
"Romania","2007-12",6
"Romania","2008-01",5.6
"Romania","2008-02",5.5
"Romania","2008-03",5.6
"Romania","2008-04",5.5
"Romania","2008-05",5.7
"Romania","2008-06",5.7
"Romania","2008-07",5.5
"Romania","2008-08",5.5
"Romania","2008-09",5.5
"Romania","2008-10",5.7
"Romania","2008-11",5.5
"Romania","2008-12",5.8
"Romania","2009-01",7.9
"Romania","2009-02",8.2
"Romania","2009-03",8
"Romania","2009-04",8.1
"Romania","2009-05",8.2
"Romania","2009-06",8.2
"Romania","2009-07",8.5
"Romania","2009-08",8.6
"Romania","2009-09",8.7
"Romania","2009-10",8.9
"Romania","2009-11",8.7
"Romania","2009-12",9.1
"Romania","2010-01",9.3
"Romania","2010-02",9.4
"Romania","2010-03",9.5
"Romania","2010-04",9
"Romania","2010-05",9
"Romania","2010-06",9
"Romania","2010-07",9
"Romania","2010-08",9.1
"Romania","2010-09",8.6
"Romania","2010-10",8.8
"Romania","2010-11",8.8
"Romania","2010-12",8.7
"Romania","2011-01",9
"Romania","2011-02",9
"Romania","2011-03",8.6
"Romania","2011-04",9.3
"Romania","2011-05",9.1
"Romania","2011-06",9
"Romania","2011-07",9.1
"Romania","2011-08",9.1
"Romania","2011-09",9.2
"Romania","2011-10",9.2
"Romania","2011-11",9.3
"Romania","2011-12",9.4
"Romania","2012-01",8.9
"Romania","2012-02",8.7
"Romania","2012-03",8.8
"Romania","2012-04",8.7
"Romania","2012-05",8.9
"Romania","2012-06",8.5
"Romania","2012-07",8.9
"Romania","2012-08",8.5
"Romania","2012-09",8.8
"Romania","2012-10",8.6
"Romania","2012-11",8.5
"Romania","2012-12",8.8
"Romania","2013-01",8.5
"Romania","2013-02",8.8
"Romania","2013-03",9
"Romania","2013-04",9.4
"Romania","2013-05",8.9
"Romania","2013-06",9.6
"Romania","2013-07",8.8
"Romania","2013-08",9
"Romania","2013-09",9
"Romania","2013-10",9
"Romania","2013-11",8.9
"Romania","2013-12",8.9
"Romania","2014-01",8.7
"Romania","2014-02",8.6
"Romania","2014-03",8.7
"Romania","2014-04",8.7
"Romania","2014-05",8.4
"Romania","2014-06",8.8
"Romania","2014-07",8.6
"Romania","2014-08",8.7
"Romania","2014-09",8.6
"Romania","2014-10",8.5
"Romania","2014-11",8.8
"Romania","2014-12",8.3
"Romania","2015-01",8.8
"Romania","2015-02",8.6
"Romania","2015-03",8.4
"Romania","2015-04",8.6
"Romania","2015-05",8.4
"Romania","2015-06",8.3
"Romania","2015-07",8.2
"Romania","2015-08",8.4
"Romania","2015-09",8.4
"Romania","2015-10",8.1
"Romania","2015-11",8.1
"Romania","2015-12",8.1
"Romania","2016-01",7.8
"Romania","2016-02",7.6
"Romania","2016-03",7.6
"Romania","2016-04",7.3
"Romania","2016-05",7.4
"Romania","2016-06",7.2
"Romania","2016-07",7.2
"Romania","2016-08",7
"Romania","2016-09",7.2
"Romania","2016-10",6.7
"Romania","2016-11",6.6
"Romania","2016-12",6.7
"Romania","2017-01",6.3
"Romania","2017-02",6.5
"Romania","2017-03",6.4
"Romania","2017-04",6
"Romania","2017-05",6.3
"Romania","2017-06",6
"Romania","2017-07",6.1
"Romania","2017-08",6
"Romania","2017-09",5.9
"Romania","2017-10",5.9
"Romania","2017-11",5.9
"Romania","2017-12",5.8
"Romania","2018-01",5.7
"Romania","2018-02",5.6
"Romania","2018-03",5.5
"Romania","2018-04",5.4
"Romania","2018-05",5.3
"Romania","2018-06",5.2
"Romania","2018-07",5.1
"Romania","2018-08",5.1
"Romania","2018-09",4.8
"Romania","2018-10",5.2
"Romania","2018-11",5.1
"Romania","2018-12",5
"Romania","2019-01",5.2
"Romania","2019-02",5
"Romania","2019-03",4.8
"Romania","2019-04",4.9
"Romania","2019-05",4.9
"Romania","2019-06",4.8
"Romania","2019-07",5
"Romania","2019-08",4.7
"Romania","2019-09",5
"Romania","2019-10",4.8
"Romania","2019-11",4.9
"Romania","2019-12",4.9
"Romania","2020-01",4.8
"Romania","2020-02",5.3
"Romania","2020-03",5.5
"Romania","2020-04",6.2
"Romania","2020-05",6.5
"Romania","2020-06",6.7
"Romania","2020-07",6.5
"Romania","2020-08",6.4
"Romania","2020-09",6.2
"Romania","2020-10",6.1
"Romania","2020-11",6.1
"Romania","2020-12",6.2
"Romania","2021-01",6
"Romania","2021-02",6.1
"Romania","2021-03",6
"Romania","2021-04",5.5
"Romania","2021-05",5.4
"Romania","2021-06",5.2
"Romania","2021-07",5.3
"Romania","2021-08",5.4
"Romania","2021-09",5.4
"Romania","2021-10",5.7
"Romania","2021-11",5.5
"Romania","2021-12",5.7
"Romania","2022-01",6.1
"Romania","2022-02",5.9
"Romania","2022-03",5.8
"Romania","2022-04",5.6
"Romania","2022-05",5.6
"Romania","2022-06",5.5
"Romania","2022-07",5.5
"Romania","2022-08",5.4
"Romania","2022-09",5.5
"Romania","2022-10",5.5
"Romania","2022-11",5.6
"Romania","2022-12",5.4
"Romania","2023-01",5.8
"Romania","2023-02",5.6
"Romania","2023-03",5.6
"Romania","2023-04",5.5
"Romania","2023-05",5.6
"Romania","2023-06",5.7
"Romania","2023-07",5.5
"Romania","2023-08",5.4
"Romania","2023-09",5.4
"Romania","2023-10",5.5
"Romania","2023-11",5.5
"Romania","2023-12",5.5
"Romania","2024-01",5.4
"Romania","2024-02",5.2
"Romania","2024-03",5.2
"Romania","2024-04",5.2
"Romania","2024-05",5.3
"Romania","2024-06",5.2
"Romania","2024-07",5.7
"Romania","2024-08",5.6
"Romania","2024-09",5.7
"Romania","2024-10",5.7
"Romania","2024-11",5.6
"Romania","2024-12",5.7
"Romania","2025-01",6
"Romania","2025-02",6.1
"Romania","2025-03",6.2
"Romania","2025-04",6.1
"Romania","2025-05",6.2
"Romania","2025-06",6.2
"Romania","2025-07",5.9
"Romania","2025-08",6.1
"Romania","2025-09",6
"Romania","2025-10",6.1
"Romania","2025-11",6.3
"Romania","2025-12",6.1
"Romania","2026-01",6
"Sweden","1983-01",3.4
"Sweden","1983-02",3.7
"Sweden","1983-03",3.7
"Sweden","1983-04",3.4
"Sweden","1983-05",3.7
"Sweden","1983-06",3.9
"Sweden","1983-07",3.7
"Sweden","1983-08",3.8
"Sweden","1983-09",3.8
"Sweden","1983-10",3.7
"Sweden","1983-11",3.7
"Sweden","1983-12",3.6
"Sweden","1984-01",3.7
"Sweden","1984-02",3.4
"Sweden","1984-03",3.3
"Sweden","1984-04",3.5
"Sweden","1984-05",3.3
"Sweden","1984-06",3.2
"Sweden","1984-07",3.3
"Sweden","1984-08",3.2
"Sweden","1984-09",2.9
"Sweden","1984-10",3.3
"Sweden","1984-11",3
"Sweden","1984-12",2.9
"Sweden","1985-01",3.1
"Sweden","1985-02",2.9
"Sweden","1985-03",3
"Sweden","1985-04",3
"Sweden","1985-05",3
"Sweden","1985-06",2.9
"Sweden","1985-07",2.8
"Sweden","1985-08",2.8
"Sweden","1985-09",2.8
"Sweden","1985-10",2.6
"Sweden","1985-11",2.7
"Sweden","1985-12",2.8
"Sweden","1986-01",2.7
"Sweden","1986-02",2.9
"Sweden","1986-03",2.9
"Sweden","1986-04",2.6
"Sweden","1986-05",2.8
"Sweden","1986-06",2.6
"Sweden","1986-07",2.5
"Sweden","1986-08",2.6
"Sweden","1986-09",2.6
"Sweden","1986-10",2.6
"Sweden","1986-11",2.7
"Sweden","1986-12",2.6
"Sweden","1987-01",2.3
"Sweden","1987-02",2.4
"Sweden","1987-03",2.4
"Sweden","1987-04",2.3
"Sweden","1987-05",2.3
"Sweden","1987-06",2.3
"Sweden","1987-07",2.2
"Sweden","1987-08",2.4
"Sweden","1987-09",1.9
"Sweden","1987-10",2
"Sweden","1987-11",1.9
"Sweden","1987-12",1.8
"Sweden","1988-01",2
"Sweden","1988-02",1.8
"Sweden","1988-03",1.9
"Sweden","1988-04",1.8
"Sweden","1988-05",1.9
"Sweden","1988-06",1.8
"Sweden","1988-07",1.9
"Sweden","1988-08",1.8
"Sweden","1988-09",1.8
"Sweden","1988-10",1.8
"Sweden","1988-11",1.7
"Sweden","1988-12",1.4
"Sweden","1989-01",1.5
"Sweden","1989-02",1.7
"Sweden","1989-03",1.6
"Sweden","1989-04",1.6
"Sweden","1989-05",1.6
"Sweden","1989-06",1.5
"Sweden","1989-07",1.3
"Sweden","1989-08",1.5
"Sweden","1989-09",1.5
"Sweden","1989-10",1.7
"Sweden","1989-11",1.5
"Sweden","1989-12",1.5
"Sweden","1990-01",1.5
"Sweden","1990-02",1.4
"Sweden","1990-03",1.4
"Sweden","1990-04",1.4
"Sweden","1990-05",1.7
"Sweden","1990-06",1.5
"Sweden","1990-07",1.7
"Sweden","1990-08",1.7
"Sweden","1990-09",1.9
"Sweden","1990-10",2
"Sweden","1990-11",2.3
"Sweden","1990-12",2.2
"Sweden","1991-01",2.2
"Sweden","1991-02",2.5
"Sweden","1991-03",2.6
"Sweden","1991-04",2.7
"Sweden","1991-05",2.7
"Sweden","1991-06",2.8
"Sweden","1991-07",3.2
"Sweden","1991-08",3.4
"Sweden","1991-09",3.5
"Sweden","1991-10",3.7
"Sweden","1991-11",3.8
"Sweden","1991-12",4.1
"Sweden","1992-01",4.3
"Sweden","1992-02",4.6
"Sweden","1992-03",4.8
"Sweden","1992-04",5
"Sweden","1992-05",5.4
"Sweden","1992-06",5.4
"Sweden","1992-07",5.8
"Sweden","1992-08",6
"Sweden","1992-09",6.1
"Sweden","1992-10",6.3
"Sweden","1992-11",6.5
"Sweden","1992-12",6.7
"Sweden","1993-01",7.5
"Sweden","1993-02",7.6
"Sweden","1993-03",8
"Sweden","1993-04",8.6
"Sweden","1993-05",8.7
"Sweden","1993-06",9.8
"Sweden","1993-07",9.7
"Sweden","1993-08",9.5
"Sweden","1993-09",9.7
"Sweden","1993-10",9.8
"Sweden","1993-11",9.8
"Sweden","1993-12",9.8
"Sweden","1994-01",9.9
"Sweden","1994-02",9.8
"Sweden","1994-03",9.5
"Sweden","1994-04",9.3
"Sweden","1994-05",9.2
"Sweden","1994-06",9.6
"Sweden","1994-07",9.4
"Sweden","1994-08",9.3
"Sweden","1994-09",9
"Sweden","1994-10",9
"Sweden","1994-11",9
"Sweden","1994-12",9
"Sweden","1995-01",9
"Sweden","1995-02",8.8
"Sweden","1995-03",8.7
"Sweden","1995-04",8.8
"Sweden","1995-05",8.6
"Sweden","1995-06",8.7
"Sweden","1995-07",8.6
"Sweden","1995-08",8.7
"Sweden","1995-09",8.7
"Sweden","1995-10",8.9
"Sweden","1995-11",9
"Sweden","1995-12",9
"Sweden","1996-01",8.7
"Sweden","1996-02",9.2
"Sweden","1996-03",9.1
"Sweden","1996-04",9.4
"Sweden","1996-05",9.5
"Sweden","1996-06",9.6
"Sweden","1996-07",9.5
"Sweden","1996-08",9.9
"Sweden","1996-09",9.8
"Sweden","1996-10",9.8
"Sweden","1996-11",9.9
"Sweden","1996-12",10.1
"Sweden","1997-01",10
"Sweden","1997-02",10.4
"Sweden","1997-03",10.4
"Sweden","1997-04",10.2
"Sweden","1997-05",10.2
"Sweden","1997-06",10.5
"Sweden","1997-07",10.1
"Sweden","1997-08",9.6
"Sweden","1997-09",9.5
"Sweden","1997-10",9.4
"Sweden","1997-11",9.2
"Sweden","1997-12",8.8
"Sweden","1998-01",8.8
"Sweden","1998-02",8.8
"Sweden","1998-03",8.4
"Sweden","1998-04",8.7
"Sweden","1998-05",8.9
"Sweden","1998-06",8.2
"Sweden","1998-07",8.3
"Sweden","1998-08",8.1
"Sweden","1998-09",7.6
"Sweden","1998-10",7.4
"Sweden","1998-11",7.6
"Sweden","1998-12",7.4
"Sweden","1999-01",7.3
"Sweden","1999-02",7
"Sweden","1999-03",7
"Sweden","1999-04",6.9
"Sweden","1999-05",6.7
"Sweden","1999-06",6.7
"Sweden","1999-07",6.6
"Sweden","1999-08",6.7
"Sweden","1999-09",6.6
"Sweden","1999-10",6.4
"Sweden","1999-11",6.3
"Sweden","1999-12",6.3
"Sweden","2000-01",6.2
"Sweden","2000-02",6.1
"Sweden","2000-03",5.9
"Sweden","2000-04",5.9
"Sweden","2000-05",5.6
"Sweden","2000-06",5.8
"Sweden","2000-07",5.6
"Sweden","2000-08",5.5
"Sweden","2000-09",5.2
"Sweden","2000-10",5.2
"Sweden","2000-11",5.2
"Sweden","2000-12",4.9
"Sweden","2001-01",6.1
"Sweden","2001-02",6
"Sweden","2001-03",5.9
"Sweden","2001-04",5.8
"Sweden","2001-05",5.9
"Sweden","2001-06",5.9
"Sweden","2001-07",6
"Sweden","2001-08",6
"Sweden","2001-09",6
"Sweden","2001-10",6.3
"Sweden","2001-11",5.9
"Sweden","2001-12",6
"Sweden","2002-01",5.9
"Sweden","2002-02",5.9
"Sweden","2002-03",6
"Sweden","2002-04",6.1
"Sweden","2002-05",5.9
"Sweden","2002-06",5.8
"Sweden","2002-07",6.2
"Sweden","2002-08",6
"Sweden","2002-09",6.3
"Sweden","2002-10",6.2
"Sweden","2002-11",6.3
"Sweden","2002-12",6.4
"Sweden","2003-01",6.5
"Sweden","2003-02",6.1
"Sweden","2003-03",6.5
"Sweden","2003-04",6.5
"Sweden","2003-05",6.4
"Sweden","2003-06",6.5
"Sweden","2003-07",6.6
"Sweden","2003-08",7
"Sweden","2003-09",6.7
"Sweden","2003-10",7
"Sweden","2003-11",7.4
"Sweden","2003-12",7.2
"Sweden","2004-01",7
"Sweden","2004-02",7.6
"Sweden","2004-03",7.6
"Sweden","2004-04",7.3
"Sweden","2004-05",7.8
"Sweden","2004-06",7.6
"Sweden","2004-07",7.3
"Sweden","2004-08",7.4
"Sweden","2004-09",8
"Sweden","2004-10",7.3
"Sweden","2004-11",7.7
"Sweden","2004-12",7.6
"Sweden","2005-01",7.9
"Sweden","2005-02",8.3
"Sweden","2005-03",7.5
"Sweden","2005-04",7.7
"Sweden","2005-05",8.1
"Sweden","2005-06",8.3
"Sweden","2005-07",8.2
"Sweden","2005-08",8
"Sweden","2005-09",7.6
"Sweden","2005-10",8.1
"Sweden","2005-11",7.4
"Sweden","2005-12",7.9
"Sweden","2006-01",7.9
"Sweden","2006-02",7.2
"Sweden","2006-03",7.6
"Sweden","2006-04",7.9
"Sweden","2006-05",7.3
"Sweden","2006-06",7.1
"Sweden","2006-07",7.1
"Sweden","2006-08",7.2
"Sweden","2006-09",6.7
"Sweden","2006-10",6.7
"Sweden","2006-11",6.7
"Sweden","2006-12",6.6
"Sweden","2007-01",6.5
"Sweden","2007-02",6.3
"Sweden","2007-03",6.6
"Sweden","2007-04",6.2
"Sweden","2007-05",6
"Sweden","2007-06",6.3
"Sweden","2007-07",5.9
"Sweden","2007-08",6.1
"Sweden","2007-09",6.2
"Sweden","2007-10",6.3
"Sweden","2007-11",6.1
"Sweden","2007-12",6.1
"Sweden","2008-01",6
"Sweden","2008-02",5.9
"Sweden","2008-03",5.9
"Sweden","2008-04",5.7
"Sweden","2008-05",5.9
"Sweden","2008-06",6.7
"Sweden","2008-07",6.3
"Sweden","2008-08",6
"Sweden","2008-09",6.5
"Sweden","2008-10",6.4
"Sweden","2008-11",7.1
"Sweden","2008-12",6.9
"Sweden","2009-01",6.9
"Sweden","2009-02",7.8
"Sweden","2009-03",7.9
"Sweden","2009-04",7.9
"Sweden","2009-05",9
"Sweden","2009-06",8.5
"Sweden","2009-07",8.5
"Sweden","2009-08",8.9
"Sweden","2009-09",8.9
"Sweden","2009-10",8.9
"Sweden","2009-11",8.8
"Sweden","2009-12",9.1
"Sweden","2010-01",9.2
"Sweden","2010-02",9
"Sweden","2010-03",9
"Sweden","2010-04",9.4
"Sweden","2010-05",8.9
"Sweden","2010-06",8.4
"Sweden","2010-07",8.9
"Sweden","2010-08",8.5
"Sweden","2010-09",8.5
"Sweden","2010-10",8.4
"Sweden","2010-11",8.1
"Sweden","2010-12",8.2
"Sweden","2011-01",8.1
"Sweden","2011-02",7.9
"Sweden","2011-03",8
"Sweden","2011-04",7.8
"Sweden","2011-05",7.9
"Sweden","2011-06",8
"Sweden","2011-07",7.9
"Sweden","2011-08",7.8
"Sweden","2011-09",7.7
"Sweden","2011-10",7.9
"Sweden","2011-11",7.8
"Sweden","2011-12",7.9
"Sweden","2012-01",8
"Sweden","2012-02",7.9
"Sweden","2012-03",7.6
"Sweden","2012-04",7.6
"Sweden","2012-05",8.3
"Sweden","2012-06",8
"Sweden","2012-07",8.1
"Sweden","2012-08",8.3
"Sweden","2012-09",8.2
"Sweden","2012-10",8.2
"Sweden","2012-11",8.5
"Sweden","2012-12",8.2
"Sweden","2013-01",8
"Sweden","2013-02",8.1
"Sweden","2013-03",8.4
"Sweden","2013-04",8.4
"Sweden","2013-05",8
"Sweden","2013-06",8.1
"Sweden","2013-07",8
"Sweden","2013-08",8.1
"Sweden","2013-09",8.2
"Sweden","2013-10",7.9
"Sweden","2013-11",8.2
"Sweden","2013-12",8.1
"Sweden","2014-01",8.2
"Sweden","2014-02",8.1
"Sweden","2014-03",8.2
"Sweden","2014-04",8.2
"Sweden","2014-05",7.8
"Sweden","2014-06",8.3
"Sweden","2014-07",7.9
"Sweden","2014-08",8.1
"Sweden","2014-09",7.9
"Sweden","2014-10",8.1
"Sweden","2014-11",8.1
"Sweden","2014-12",7.6
"Sweden","2015-01",7.9
"Sweden","2015-02",8
"Sweden","2015-03",7.7
"Sweden","2015-04",7.9
"Sweden","2015-05",7.7
"Sweden","2015-06",7.6
"Sweden","2015-07",7.2
"Sweden","2015-08",7
"Sweden","2015-09",7.5
"Sweden","2015-10",7.3
"Sweden","2015-11",7
"Sweden","2015-12",7.3
"Sweden","2016-01",7.1
"Sweden","2016-02",7.2
"Sweden","2016-03",7.4
"Sweden","2016-04",6.9
"Sweden","2016-05",7.3
"Sweden","2016-06",6.8
"Sweden","2016-07",6.9
"Sweden","2016-08",7.2
"Sweden","2016-09",6.8
"Sweden","2016-10",7
"Sweden","2016-11",7
"Sweden","2016-12",7.1
"Sweden","2017-01",7
"Sweden","2017-02",7
"Sweden","2017-03",6.5
"Sweden","2017-04",6.9
"Sweden","2017-05",6.9
"Sweden","2017-06",6.7
"Sweden","2017-07",7
"Sweden","2017-08",6.5
"Sweden","2017-09",6.9
"Sweden","2017-10",7
"Sweden","2017-11",6.5
"Sweden","2017-12",6.7
"Sweden","2018-01",6.8
"Sweden","2018-02",5.9
"Sweden","2018-03",6.2
"Sweden","2018-04",6.5
"Sweden","2018-05",6
"Sweden","2018-06",6.6
"Sweden","2018-07",6.5
"Sweden","2018-08",6.5
"Sweden","2018-09",6.6
"Sweden","2018-10",6.5
"Sweden","2018-11",6.6
"Sweden","2018-12",6.8
"Sweden","2019-01",6.3
"Sweden","2019-02",6.9
"Sweden","2019-03",7.4
"Sweden","2019-04",6.6
"Sweden","2019-05",6.6
"Sweden","2019-06",6.4
"Sweden","2019-07",7.3
"Sweden","2019-08",7.3
"Sweden","2019-09",6.8
"Sweden","2019-10",6.9
"Sweden","2019-11",7.7
"Sweden","2019-12",6.8
"Sweden","2020-01",7.4
"Sweden","2020-02",7.8
"Sweden","2020-03",6.8
"Sweden","2020-04",8.2
"Sweden","2020-05",8.5
"Sweden","2020-06",9.1
"Sweden","2020-07",9.6
"Sweden","2020-08",9.3
"Sweden","2020-09",9
"Sweden","2020-10",8.8
"Sweden","2020-11",8.6
"Sweden","2020-12",9.2
"Sweden","2021-01",9
"Sweden","2021-02",9.1
"Sweden","2021-03",9.6
"Sweden","2021-04",9.1
"Sweden","2021-05",9.1
"Sweden","2021-06",9.4
"Sweden","2021-07",8.7
"Sweden","2021-08",8.9
"Sweden","2021-09",8.9
"Sweden","2021-10",8.4
"Sweden","2021-11",8.4
"Sweden","2021-12",8
"Sweden","2022-01",8
"Sweden","2022-02",7.3
"Sweden","2022-03",7.7
"Sweden","2022-04",7.8
"Sweden","2022-05",7.8
"Sweden","2022-06",7.5
"Sweden","2022-07",7.3
"Sweden","2022-08",6.9
"Sweden","2022-09",7
"Sweden","2022-10",7.7
"Sweden","2022-11",7.3
"Sweden","2022-12",7.5
"Sweden","2023-01",7.1
"Sweden","2023-02",7.7
"Sweden","2023-03",7.3
"Sweden","2023-04",7.2
"Sweden","2023-05",7.2
"Sweden","2023-06",8.1
"Sweden","2023-07",7.1
"Sweden","2023-08",8.2
"Sweden","2023-09",8.1
"Sweden","2023-10",7.9
"Sweden","2023-11",8
"Sweden","2023-12",8.2
"Sweden","2024-01",7.9
"Sweden","2024-02",8
"Sweden","2024-03",8.8
"Sweden","2024-04",8.6
"Sweden","2024-05",8.1
"Sweden","2024-06",8.3
"Sweden","2024-07",8.6
"Sweden","2024-08",8.3
"Sweden","2024-09",8.6
"Sweden","2024-10",8.2
"Sweden","2024-11",8.3
"Sweden","2024-12",8.5
"Sweden","2025-01",9.8
"Sweden","2025-02",8.9
"Sweden","2025-03",8.1
"Sweden","2025-04",8.6
"Sweden","2025-05",9.1
"Sweden","2025-06",8.4
"Sweden","2025-07",8.9
"Sweden","2025-08",8.8
"Sweden","2025-09",8.7
"Sweden","2025-10",9.3
"Sweden","2025-11",9
"Sweden","2025-12",8.8
"Sweden","2026-01",8
